Arzt Fachrichtung;Jahr;R„umliche Gliederung;rztedichte;Anzahl Einwohner;Anzahl rzte
Frauenheilkunde und Geburtshilfe;2017;Laim;9560.3;28681;3
Frauenheilkunde und Geburtshilfe;2015;Ludwigsvorstadt-Isarvorstadt;935.2;26186;28
Frauenheilkunde und Geburtshilfe;2016;Ludwigsvorstadt-Isarvorstadt;917.6;26609;29
Allgemeinmedizin;2015;Ludwigsvorstadt-Isarvorstadt;916.1;54049;59
Frauenheilkunde und Geburtshilfe;2013;Ludwigsvorstadt-Isarvorstadt;911.3;24606;27
Frauenheilkunde und Geburtshilfe;2017;Trudering-Riem;9039.5;36158;4
Frauenheilkunde und Geburtshilfe;2012;Ludwigsvorstadt-Isarvorstadt;891.7;24076;27
Frauenheilkunde und Geburtshilfe;2016;Trudering-Riem;8907.8;35631;4
Allgemeinmedizin;2016;Ludwigsvorstadt-Isarvorstadt;885.7;54915;62
Frauenheilkunde und Geburtshilfe;2015;Hadern;8809.7;26429;3
Frauenheilkunde und Geburtshilfe;2017;Hadern;8724.7;26174;3
Frauenheilkunde und Geburtshilfe;2011;Ludwigsvorstadt-Isarvorstadt;871.8;23538;27
Allgemeinmedizin;2012;Ludwigsvorstadt-Isarvorstadt;871.2;49657;57
Allgemeinmedizin;2010;Ludwigsvorstadt-Isarvorstadt;845.7;47357;56
Allgemeinmedizin;2013;Ludwigsvorstadt-Isarvorstadt;843.7;50620;60
Allgemeinmedizin;2011;Ludwigsvorstadt-Isarvorstadt;831.6;48231;58
Frauenheilkunde und Geburtshilfe;2010;Ludwigsvorstadt-Isarvorstadt;827.1;23160;28
Allgemeinmedizin;2017;Ludwigsvorstadt-Isarvorstadt;819.6;51632;63
Frauenheilkunde und Geburtshilfe;2011;Trudering-Riem;8155.5;32622;4
Frauenheilkunde und Geburtshilfe;2017;Ludwigsvorstadt-Isarvorstadt;808.7;25070;31
Frauenheilkunde und Geburtshilfe;2015;Allach-Untermenzing;7979.5;15959;2
Frauenheilkunde und Geburtshilfe;2016;Berg am Laim;7687.3;23062;3
Frauenheilkunde und Geburtshilfe;2015;Sendling-Westpark;7459.8;50251;6
Allgemeinmedizin;2014;Ludwigsvorstadt-Isarvorstadt;745.4;52177;70
Frauenheilkunde und Geburtshilfe;2016;Schwanthalerh”he;7350.5;14701;2
Frauenheilkunde und Geburtshilfe;2017;Ramersdorf-Perlach;7277.6;58221;8
Frauenheilkunde und Geburtshilfe;2017;Schwanthalerh”he;7234.5;14469;2
Frauenheilkunde und Geburtshilfe;2016;Ramersdorf-Perlach;7234.1;57873;8
Frauenheilkunde und Geburtshilfe;2016;Laim;7214.3;28857;4
Frauenheilkunde und Geburtshilfe;2015;Ramersdorf-Perlach;7154.6;57237;8
Frauenheilkunde und Geburtshilfe;2013;Sendling-Westpark;7107.3;48436;6
Frauenheilkunde und Geburtshilfe;2013;Ramersdorf-Perlach;6927.1;55417;8
Frauenheilkunde und Geburtshilfe;2012;Ramersdorf-Perlach;6868.9;54951;8
Frauenheilkunde und Geburtshilfe;2014;Ludwigsvorstadt-Isarvorstadt;686.2;25389;37
Frauenheilkunde und Geburtshilfe;2011;Ramersdorf-Perlach;6810.5;54484;8
Frauenheilkunde und Geburtshilfe;2010;Ramersdorf-Perlach;6762.4;54099;8
Frauenheilkunde und Geburtshilfe;2013;Harlaching;6751.5;27006;4
Frauenheilkunde und Geburtshilfe;2010;Aubing-Lochhausen-Langwied;6662.7;19988;3
Frauenheilkunde und Geburtshilfe;2012;Harlaching;6656.5;26626;4
Frauenheilkunde und Geburtshilfe;2012;Trudering-Riem;6634.6;33173;5
Frauenheilkunde und Geburtshilfe;2010;Trudering-Riem;6330.4;31652;5
Frauenheilkunde und Geburtshilfe;2015;Trudering-Riem;5843.8;35063;6
Frauenheilkunde und Geburtshilfe;2014;Trudering-Riem;5713.3;34280;6
Frauenheilkunde und Geburtshilfe;2015;Laim;5701.8;28509;5
Frauenheilkunde und Geburtshilfe;2013;Trudering-Riem;5627.8;33767;6
Frauenheilkunde und Geburtshilfe;2014;Berg am Laim;5618.8;22475;4
Frauenheilkunde und Geburtshilfe;2016;Harlaching;5529.4;27647;5
Frauenheilkunde und Geburtshilfe;2013;Berg am Laim;5521.8;22087;4
Frauenheilkunde und Geburtshilfe;2017;Harlaching;5461.6;27308;5
Frauenheilkunde und Geburtshilfe;2014;Harlaching;5442.4;27212;5
Frauenheilkunde und Geburtshilfe;2012;Berg am Laim;5431.5;21726;4
Frauenheilkunde und Geburtshilfe;2012;Moosach;5041.4;25207;5
Frauenheilkunde und Geburtshilfe;2015;Schwanthalerh”he;4924.3;14773;3
Frauenheilkunde und Geburtshilfe;2013;Schwanthalerh”he;4799.7;14399;3
Frauenheilkunde und Geburtshilfe;2014;Thalkirchen, Obersendling;4722.5;15741;3
Frauenheilkunde und Geburtshilfe;2014;Laim;4711.5;28269;6
Frauenheilkunde und Geburtshilfe;2013;Thalkirchen, Obersendling;4659.8;15532;3
Frauenheilkunde und Geburtshilfe;2011;Schwanthalerh”he;4647.7;13943;3
Frauenheilkunde und Geburtshilfe;2010;Laim;4514.8;27089;6
Frauenheilkunde und Geburtshilfe;2011;Thalkirchen, Obersendling;4446.1;14820;3
Frauenheilkunde und Geburtshilfe;2015;Thalkirchen, Obersendling;4381.6;16065;4
Frauenheilkunde und Geburtshilfe;2010;Thalkirchen, Obersendling;4367.3;14557;3
Frauenheilkunde und Geburtshilfe;2014;Moosach;4349.7;26098;6
Allgemeinmedizin;2014;Altstadt-Lehel;433.5;20806;48
Frauenheilkunde und Geburtshilfe;2013;Moosach;4283.5;25701;6
Frauenheilkunde und Geburtshilfe;2010;Berg am Laim;4186.2;20931;5
Frauenheilkunde und Geburtshilfe;2016;Thalkirchen, Obersendling;4077.1;16308;4
Frauenheilkunde und Geburtshilfe;2017;Thalkirchen, Obersendling;4061.1;16244;4
Frauenheilkunde und Geburtshilfe;2010;Allach-Untermenzing;3678.5;14714;4
Allgemeinmedizin;2017;Altstadt-Lehel;367.1;20926;57
Allgemeinmedizin;2016;Altstadt-Lehel;363.6;21454;59
Frauenheilkunde und Geburtshilfe;2011;Moosach;3550.6;24854;7
Frauenheilkunde und Geburtshilfe;2010;Moosach;3507.9;24555;7
Allgemeinmedizin;2013;Hadern;3496.1;48945;14
Allgemeinmedizin;2017;Sendling-Westpark;3493.3;100068;41
Allgemeinmedizin;2012;Altstadt-Lehel;339.8;20048;59
Allgemeinmedizin;2010;Altstadt-Lehel;331.2;19207;58
Allgemeinmedizin;2012;Hadern;3196.6;47949;15
Allgemeinmedizin;2013;Altstadt-Lehel;319.1;20422;64
Allgemeinmedizin;2011;Hadern;3163.9;47459;15
Frauenheilkunde und Geburtshilfe;2011;Giesing;3158.6;25269;8
Allgemeinmedizin;2015;Hadern;3141.1;50257;16
Allgemeinmedizin;2014;Hadern;3117.1;49874;16
Frauenheilkunde und Geburtshilfe;2012;Sendling-Westpark;3115.1;47844;11
Allgemeinmedizin;2016;Sendling-Westpark;3114.4;100404;43
Frauenheilkunde und Geburtshilfe;2013;Laim;3110.8;27997;9
Allgemeinmedizin;2017;Hadern;3101.6;49626;16
Frauenheilkunde und Geburtshilfe;2010;Giesing;3083.1;24665;8
Frauenheilkunde und Geburtshilfe;2012;Laim;3075.1;27676;9
Allgemeinmedizin;2015;Sendling-Westpark;3073.6;99277;44
Allgemeinmedizin;2016;Giesing;3043.6;54784;18
Frauenheilkunde und Geburtshilfe;2010;Sendling-Westpark;3042.4;46786;11
Allgemeinmedizin;2017;Berg am Laim;3038.8;45582;15
Allgemeinmedizin;2016;Hadern;2974.5;50567;17
Allgemeinmedizin;2014;Sendling-Westpark;2972.9;96907;41
Frauenheilkunde und Geburtshilfe;2014;Giesing;2953.8;26584;9
Allgemeinmedizin;2014;Giesing;2930.2;52743;18
Frauenheilkunde und Geburtshilfe;2013;Giesing;2887.9;25991;9
Allgemeinmedizin;2015;Giesing;2863.3;54402;19
Frauenheilkunde und Geburtshilfe;2012;Giesing;2841.9;25577;9
Allgemeinmedizin;2017;Giesing;2838.8;53937;19
Allgemeinmedizin;2016;Moosach;2834.7;53859;19
Allgemeinmedizin;2014;Moosach;2771.4;52657;19
Frauenheilkunde und Geburtshilfe;2011;Sendling-Westpark;2761.3;47160;12
Allgemeinmedizin;2010;Hadern;2755.9;46851;17
Frauenheilkunde und Geburtshilfe;2016;Giesing;2725.4;27254;10
Frauenheilkunde und Geburtshilfe;2015;Giesing;2724.3;27243;10
Allgemeinmedizin;2017;Allach-Untermenzing;2723.1;32677;12
Allgemeinmedizin;2013;Giesing;2710.5;51499;19
Frauenheilkunde und Geburtshilfe;2017;Giesing;2692.6;26926;10
Allgemeinmedizin;2010;Moosach;2690.1;48421;18
Allgemeinmedizin;2016;Berg am Laim;2685.6;45655;17
Allgemeinmedizin;2017;Moosach;2683.1;53662;20
Allgemeinmedizin;2011;Giesing;2666.1;50656;19
Allgemeinmedizin;2015;Moosach;2663.1;53261;20
Frauenheilkunde und Geburtshilfe;2016;Au-Haidhausen;2651.3;31815;12
Frauenheilkunde und Geburtshilfe;2015;Au-Haidhausen;2640.2;31682;12
Allgemeinmedizin;2013;Sendling-Westpark;2638.3;95358;44
Frauenheilkunde und Geburtshilfe;2017;Au-Haidhausen;2621.8;31462;12
Allgemeinmedizin;2014;Allach-Untermenzing;2612.8;31353;12
Allgemeinmedizin;2011;Moosach;2599.2;49384;19
Allgemeinmedizin;2012;Sendling-Westpark;2597.7;94119;47
Allgemeinmedizin;2013;Allach-Untermenzing;2561.4;30737;12
Allgemeinmedizin;2012;Giesing;2560.1;51201;20
Allgemeinmedizin;2012;Allach-Untermenzing;2532.8;30393;12
Allgemeinmedizin;2014;Trudering-Riem;2520.9;68063;27
Allgemeinmedizin;2015;Milbertshofen-Am Hart;2516.3;75488;30
Allgemeinmedizin;2012;Moosach;2512.7;50253;20
Allgemeinmedizin;2014;Schwabing-Freimann;2475.9;71802;29
Allgemeinmedizin;2011;Allach-Untermenzing;2474.4;29693;12
Allgemeinmedizin;2016;Feldmoching-Hasenbergl;2470.6;61764;25
Allgemeinmedizin;2016;Trudering-Riem;2463.7;71448;29
Allgemeinmedizin;2013;Moosach;2454.1;51537;21
Allgemeinmedizin;2010;Giesing;2451.5;49030;20
Allgemeinmedizin;2015;Ramersdorf-Perlach;2442.9;112371;46
Allgemeinmedizin;2017;Feldmoching-Hasenbergl;2437.3;60933;25
Allgemeinmedizin;2014;Milbertshofen-Am Hart;2408.6;74667;31
Allgemeinmedizin;2015;Trudering-Riem;2407.9;69830;29
Allgemeinmedizin;2013;Trudering-Riem;2393.2;67009;28
Allgemeinmedizin;2013;Berg am Laim;2392.7;43068;18
Allgemeinmedizin;2017;Pasing;2390.3;37049;15
Allgemeinmedizin;2013;Feldmoching-Hasenbergl;2375.6;59391;25
Allgemeinmedizin;2015;Berg am Laim;2370.3;45035;19
Allgemeinmedizin;2015;Feldmoching-Hasenbergl;2366.7;61534;26
Allgemeinmedizin;2012;Berg am Laim;2350.7;42313;18
Frauenheilkunde und Geburtshilfe;2012;Au-Haidhausen;2345.3;30489;13
Allgemeinmedizin;2012;Feldmoching-Hasenbergl;2329.8;58245;25
Allgemeinmedizin;2012;Ramersdorf-Perlach;2329.7;107164;46
Allgemeinmedizin;2016;Ramersdorf-Perlach;2324.5;113898;49
Frauenheilkunde und Geburtshilfe;2013;Schwabing-West;2322.5;34838;15
Allgemeinmedizin;2011;Sendling-Westpark;2316.1;92273;49
Allgemeinmedizin;2016;Milbertshofen-Am Hart;2310.8;76255;33
Allgemeinmedizin;2016;Allach-Untermenzing;2303.4;32248;14
Allgemeinmedizin;2011;Berg am Laim;2296.8;41342;18
Allgemeinmedizin;2014;Ramersdorf-Perlach;2293.7;110099;48
Allgemeinmedizin;2015;Pasing;2291.3;36660;16
Allgemeinmedizin;2015;Allach-Untermenzing;2277.3;31882;14
Allgemeinmedizin;2012;Trudering-Riem;2271.3;65869;29
Allgemeinmedizin;2012;Milbertshofen-Am Hart;2265.8;72506;32
Allgemeinmedizin;2013;Ramersdorf-Perlach;2255.1;108244;48
Allgemeinmedizin;2011;Ramersdorf-Perlach;2253.2;105900;47
Allgemeinmedizin;2010;Berg am Laim;2252.8;40550;18
Frauenheilkunde und Geburtshilfe;2014;Stadt Mnchen;2240.4;757251;338
Allgemeinmedizin;2013;Milbertshofen-Am Hart;2230.8;73617;33
Allgemeinmedizin;2013;Thalkirchen, Obersendling;2214.4;30263;14
Frauenheilkunde und Geburtshilfe;2014;Schwabing-West;2211.6;35386;16
Allgemeinmedizin;2016;Schwabing-Freimann;2205.4;77188;35
Allgemeinmedizin;2011;Milbertshofen-Am Hart;2202.2;70470;32
Frauenheilkunde und Geburtshilfe;2016;Stadt Mnchen;2201.8;779420;354
Allgemeinmedizin;2013;Schwabing-West;2196.4;65892;30
Allgemeinmedizin;2011;Thalkirchen, Obersendling;2191.5;28489;13
Allgemeinmedizin;2012;Thalkirchen, Obersendling;2181.8;29090;13
Allgemeinmedizin;2014;Pasing;2178.2;35940;17
Frauenheilkunde und Geburtshilfe;2013;Stadt Mnchen;2174.5;745857;343
Frauenheilkunde und Geburtshilfe;2017;Stadt Mnchen;2172.7;773462;356
Frauenheilkunde und Geburtshilfe;2012;Stadt Mnchen;2172.2;734211;338
Allgemeinmedizin;2017;Thalkirchen, Obersendling;2171.7;31851;15
Frauenheilkunde und Geburtshilfe;2011;Stadt Mnchen;2167.2;721664;333
Allgemeinmedizin;2011;Trudering-Riem;2166.1;64983;30
Allgemeinmedizin;2016;Neuhausen;2163.9;49769;23
Frauenheilkunde und Geburtshilfe;2010;Stadt Mnchen;2158.6;710192;329
Allgemeinmedizin;2014;Feldmoching-Hasenbergl;2152.2;60262;28
Allgemeinmedizin;2015;Schwabing-Freimann;2143.4;75020;35
Frauenheilkunde und Geburtshilfe;2012;Schwabing-West;2140.7;34251;16
Allgemeinmedizin;2014;Thalkirchen, Obersendling;2125.9;30470;14
Allgemeinmedizin;2017;Schwabing-Freimann;2120.6;76341;36
Allgemeinmedizin;2011;Feldmoching-Hasenbergl;2117.9;57183;27
Allgemeinmedizin;2013;Schwabing-Freimann;2111.4;69676;33
Frauenheilkunde und Geburtshilfe;2011;Schwabing-West;2104.1;33665;16
Allgemeinmedizin;2010;Sendling-Westpark;2099.8;91062;51
Allgemeinmedizin;2017;Neuhausen;2096.2;49260;24
Allgemeinmedizin;2010;Trudering-Riem;2091.9;62756;30
Allgemeinmedizin;2016;Thalkirchen, Obersendling;2091.3;32066;15
Allgemeinmedizin;2010;Thalkirchen, Obersendling;2089.6;27861;13
Frauenheilkunde und Geburtshilfe;2014;Au-Haidhausen;2089.5;31342;15
Frauenheilkunde und Geburtshilfe;2016;Maxvorstadt;2049.6;26645;13
Allgemeinmedizin;2014;Schwabing-West;2033.2;67094;33
Allgemeinmedizin;2010;Schwabing-West;2027.6;62856;31
Allgemeinmedizin;2012;Schwabing-West;2024.1;64770;32
Allgemeinmedizin;2013;Aubing-Lochhausen-Langwied;2014.5;42305;21
Allgemeinmedizin;2017;Schwabing-West;2007.8;68265;34
Allgemeinmedizin;2010;Feldmoching-Hasenbergl;2004.6;56130;28
Frauenheilkunde und Geburtshilfe;2015;Schwabing-West;2004.6;36083;18
Allgemeinmedizin;2015;Thalkirchen, Obersendling;1991.5;31200;16
Allgemeinmedizin;2011;Aubing-Lochhausen-Langwied;1989.5;39789;20
Frauenheilkunde und Geburtshilfe;2011;Au-Haidhausen;1981.7;29725;15
Allgemeinmedizin;2016;Aubing-Lochhausen-Langwied;1981.4;45571;23
Frauenheilkunde und Geburtshilfe;2014;Schwabing-Freimann;1969.6;35453;18
Allgemeinmedizin;2013;Pasing;1966.2;35391;18
Allgemeinmedizin;2017;Stadt Mnchen;1956.5;1526056;780
Frauenheilkunde und Geburtshilfe;2010;Au-Haidhausen;1954.4;29316;15
Allgemeinmedizin;2017;Bogenhausen;1953.9;85971;44
Allgemeinmedizin;2014;Aubing-Lochhausen-Langwied;1948.1;42859;22
Allgemeinmedizin;2010;Aubing-Lochhausen-Langwied;1943.2;38863;20
Allgemeinmedizin;2016;Stadt Mnchen;1921.4;1542860;803
Frauenheilkunde und Geburtshilfe;2016;Schwabing-West;1920.1;36482;19
Frauenheilkunde und Geburtshilfe;2015;Maxvorstadt;1904.1;26658;14
Allgemeinmedizin;2015;Aubing-Lochhausen-Langwied;1899.2;43682;23
Frauenheilkunde und Geburtshilfe;2017;Schwabing-West;1895.2;36008;19
Allgemeinmedizin;2015;Stadt Mnchen;1892.6;1521678;804
Frauenheilkunde und Geburtshilfe;2016;Schwabing-Freimann;1891.6;37832;20
Frauenheilkunde und Geburtshilfe;2017;Schwabing-Freimann;1884.9;37698;20
Allgemeinmedizin;2017;Harlaching;1878.6;52600;28
Allgemeinmedizin;2014;Bogenhausen;1864.4;83900;45
Allgemeinmedizin;2016;Harlaching;1863.8;54050;29
Allgemeinmedizin;2017;Aubing-Lochhausen-Langwied;1855.4;46385;25
Allgemeinmedizin;2013;Harlaching;1854.9;51937;28
Allgemeinmedizin;2011;Schwabing-Freimann;1852.9;66706;36
Allgemeinmedizin;2017;Au-Haidhausen;1846.6;60937;33
Frauenheilkunde und Geburtshilfe;2016;Milbertshofen-Am Hart;18420.5;36841;2
Frauenheilkunde und Geburtshilfe;2017;Maxvorstadt;1840.1;25761;14
Allgemeinmedizin;2012;Pasing;1823.6;34647;19
Allgemeinmedizin;2016;Au-Haidhausen;1823.5;61999;34
Frauenheilkunde und Geburtshilfe;2015;Schwabing-Freimann;1818.9;36378;20
Frauenheilkunde und Geburtshilfe;2014;Milbertshofen-Am Hart;18068.5;36137;2
Allgemeinmedizin;2014;Neuhausen;1805.9;48761;27
Allgemeinmedizin;2013;Stadt Mnchen;1795.3;1464962;816
Allgemeinmedizin;2015;Harlaching;1779.2;53377;30
Frauenheilkunde und Geburtshilfe;2012;Milbertshofen-Am Hart;17728.5;35457;2
Allgemeinmedizin;2014;Schwanthalerh”he;1769.6;30083;17
Allgemeinmedizin;2017;Maxvorstadt;1769.3;51311;29
Allgemeinmedizin;2012;Stadt Mnchen;1757.6;1439474;819
Allgemeinmedizin;2013;Schwanthalerh”he;1744.9;29663;17
Allgemeinmedizin;2016;Bogenhausen;1743.3;87164;50
Allgemeinmedizin;2015;Bogenhausen;1718.9;85947;50
Frauenheilkunde und Geburtshilfe;2013;Maxvorstadt;1717.7;25765;15
Allgemeinmedizin;2010;Allach-Untermenzing;1715.4;29161;17
Frauenheilkunde und Geburtshilfe;2010;Milbertshofen-Am Hart;17103.5;34207;2
Allgemeinmedizin;2011;Stadt Mnchen;1705.9;1410741;827
Frauenheilkunde und Geburtshilfe;2012;Maxvorstadt;1698.7;25480;15
Allgemeinmedizin;2013;Neuhausen;1682.6;47953;29
Allgemeinmedizin;2016;Maxvorstadt;1670.1;53443;32
Allgemeinmedizin;2011;Pasing;1655.6;33939;20
Allgemeinmedizin;2017;Schwanthalerh”he;1640.8;29535;18
Frauenheilkunde und Geburtshilfe;2010;Maxvorstadt;1640.7;24610;15
Allgemeinmedizin;2011;Harlaching;1627.6;50455;31
Allgemeinmedizin;2010;Stadt Mnchen;1624.3;1382273;851
Allgemeinmedizin;2011;Neuhausen;1616.5;46069;29
Allgemeinmedizin;2012;Bogenhausen;1616.3;80816;50
Allgemeinmedizin;2013;Bogenhausen;1610.6;82138;51
Allgemeinmedizin;2011;Bogenhausen;1583.5;79175;50
Allgemeinmedizin;2010;Bogenhausen;1582.5;77542;49
Allgemeinmedizin;2010;Pasing;1577.2;33122;21
Allgemeinmedizin;2015;Au-Haidhausen;1576.8;61495;39
Frauenheilkunde und Geburtshilfe;2013;Schwabing-Freimann;1575.8;34667;22
Frauenheilkunde und Geburtshilfe;2014;Bogenhausen;1564.3;43799;28
Frauenheilkunde und Geburtshilfe;2012;Schwabing-Freimann;1554.1;34191;22
Allgemeinmedizin;2012;Schwanthalerh”he;1547.5;29402;19
Frauenheilkunde und Geburtshilfe;2017;Bogenhausen;1541.9;44716;29
Frauenheilkunde und Geburtshilfe;2012;Neuhausen-Nymphenburg;1539.4;24631;16
Frauenheilkunde und Geburtshilfe;2014;Maxvorstadt;1538.7;26157;17
Allgemeinmedizin;2012;Laim;1524.5;53359;35
Frauenheilkunde und Geburtshilfe;2011;Schwabing-Freimann;1520.7;33455;22
Allgemeinmedizin;2014;Laim;1519.8;54714;36
Frauenheilkunde und Geburtshilfe;2010;Neuhausen-Nymphenburg;1516.1;23500;15
Allgemeinmedizin;2016;Schwanthalerh”he;1514.1;30282;20
Frauenheilkunde und Geburtshilfe;2011;Neuhausen-Nymphenburg;1509.8;24157;16
Allgemeinmedizin;2011;Schwanthalerh”he;1509.4;28678;19
Allgemeinmedizin;2014;Maxvorstadt;1502.1;52575;35
Allgemeinmedizin;2013;Laim;1500.8;54030;36
Frauenheilkunde und Geburtshilfe;2014;Altstadt-Lehel;150.5;10386;69
Allgemeinmedizin;2015;Laim;1496.6;55374;37
Frauenheilkunde und Geburtshilfe;2010;Schwabing-Freimann;1494.1;32870;22
Allgemeinmedizin;2015;Maxvorstadt;1492.9;53743;36
Frauenheilkunde und Geburtshilfe;2013;Bogenhausen;1482.5;42992;29
Allgemeinmedizin;2017;Laim;1481.1;56281;38
Allgemeinmedizin;2010;Schwanthalerh”he;1473.9;28004;19
Allgemeinmedizin;2011;Laim;1464.8;52733;36
Frauenheilkunde und Geburtshilfe;2010;Bogenhausen;1460.5;40894;28
Allgemeinmedizin;2010;Harlaching;1455.9;49502;34
Frauenheilkunde und Geburtshilfe;2012;Bogenhausen;1455.3;42205;29
Frauenheilkunde und Geburtshilfe;2011;Pasing;1452.5;17430;12
Allgemeinmedizin;2016;Laim;1444.5;56335;39
Allgemeinmedizin;2010;Neuhausen;1440.1;44643;31
Frauenheilkunde und Geburtshilfe;2011;Bogenhausen;1431.5;41512;29
Frauenheilkunde und Geburtshilfe;2016;Bogenhausen;1413.3;45225;32
Allgemeinmedizin;2014;Au-Haidhausen;1412.9;60756;43
Allgemeinmedizin;2012;Au-Haidhausen;1401.9;58881;42
Frauenheilkunde und Geburtshilfe;2010;Altstadt-Lehel;140.8;9715;69
Frauenheilkunde und Geburtshilfe;2015;Bogenhausen;1395.7;44663;32
Allgemeinmedizin;2013;Maxvorstadt;1395.7;51642;37
Frauenheilkunde und Geburtshilfe;2013;Pasing;1395.5;18141;13
Frauenheilkunde und Geburtshilfe;2013;Neuhausen-Nymphenburg;1392.2;25060;18
Allgemeinmedizin;2013;Au-Haidhausen;1389.6;59752;43
Frauenheilkunde und Geburtshilfe;2010;Pasing;1363.2;17040;12,5
Allgemeinmedizin;2012;Maxvorstadt;1338.9;50877;38
Allgemeinmedizin;2011;Au-Haidhausen;1332.5;57297;43
Frauenheilkunde und Geburtshilfe;2011;Altstadt-Lehel;132.2;9916;75
Frauenheilkunde und Geburtshilfe;2012;Altstadt-Lehel;130.6;10054;77
Allgemeinmedizin;2011;Maxvorstadt;1269.2;49498;39
Frauenheilkunde und Geburtshilfe;2016;Pasing;1264.9;18973;15
Frauenheilkunde und Geburtshilfe;2011;Hadern;12634.5;25269;2
Frauenheilkunde und Geburtshilfe;2017;Pasing;1260.2;18902;15
Frauenheilkunde und Geburtshilfe;2016;Altstadt-Lehel;126.9;10657;84
Frauenheilkunde und Geburtshilfe;2015;Altstadt-Lehel;126.6;10511;83
Allgemeinmedizin;2010;Maxvorstadt;1253.2;48875;39
Allgemeinmedizin;2010;Au-Haidhausen;1251.6;56322;45
Frauenheilkunde und Geburtshilfe;2014;Neuhausen-Nymphenburg;1238.2;25384;21
Frauenheilkunde und Geburtshilfe;2016;Neuhausen-Nymphenburg;1227.2;25771;21
Frauenheilkunde und Geburtshilfe;2014;Pasing;1223.1;18346;15
Frauenheilkunde und Geburtshilfe;2015;Neuhausen-Nymphenburg;1220.5;25630;21
Frauenheilkunde und Geburtshilfe;2015;Pasing;1200.9;18614;16
Frauenheilkunde und Geburtshilfe;2017;Altstadt-Lehel;119.8;10421;87
Frauenheilkunde und Geburtshilfe;2012;Pasing;1184.7;17770;15
Frauenheilkunde und Geburtshilfe;2013;Altstadt-Lehel;118.4;10184;86
Frauenheilkunde und Geburtshilfe;2016;Feldmoching-Hasenbergl;30641;30641;1
Frauenheilkunde und Geburtshilfe;2017;Feldmoching-Hasenbergl;30395;30395;1
Frauenheilkunde und Geburtshilfe;2015;Feldmoching-Hasenbergl;30348;30348;1
Frauenheilkunde und Geburtshilfe;2014;Feldmoching-Hasenbergl;29767;29767;1
Frauenheilkunde und Geburtshilfe;2013;Feldmoching-Hasenbergl;29487;29487;1
Frauenheilkunde und Geburtshilfe;2012;Feldmoching-Hasenbergl;29048;29048;1
Frauenheilkunde und Geburtshilfe;2011;Feldmoching-Hasenbergl;28614;28614;1
Frauenheilkunde und Geburtshilfe;2014;Aubing-Lochhausen-Langwied;21761;21761;1
Frauenheilkunde und Geburtshilfe;2015;Milbertshofen-Am Hart;18246;36492;2
Frauenheilkunde und Geburtshilfe;2017;Milbertshofen-Am Hart;18120;36240;2
Frauenheilkunde und Geburtshilfe;2013;Milbertshofen-Am Hart;17860;35720;2
Frauenheilkunde und Geburtshilfe;2011;Milbertshofen-Am Hart;17362;34724;2
Frauenheilkunde und Geburtshilfe;2014;Allach-Untermenzing;15755;15755;1
Frauenheilkunde und Geburtshilfe;2013;Allach-Untermenzing;15493;15493;1
Frauenheilkunde und Geburtshilfe;2012;Allach-Untermenzing;15359;15359;1
Frauenheilkunde und Geburtshilfe;2010;Feldmoching-Hasenbergl;14148;28296;2
Frauenheilkunde und Geburtshilfe;2014;Ramersdorf-Perlach;14063;56252;4
Frauenheilkunde und Geburtshilfe;2013;Hadern;12943;25886;2
Frauenheilkunde und Geburtshilfe;2012;Hadern;12752;25504;2
Frauenheilkunde und Geburtshilfe;2016;Hadern;8854;26562;3
Frauenheilkunde und Geburtshilfe;2014;Hadern;8763;26289;3
Frauenheilkunde und Geburtshilfe;2010;Hadern;8347;25041;3
Frauenheilkunde und Geburtshilfe;2017;Allach-Untermenzing;8073;16146;2
Frauenheilkunde und Geburtshilfe;2016;Allach-Untermenzing;8035;16070;2
Frauenheilkunde und Geburtshilfe;2017;Berg am Laim;7708;23124;3
Frauenheilkunde und Geburtshilfe;2017;Sendling-Westpark;7640.0;51000;6
Frauenheilkunde und Geburtshilfe;2015;Berg am Laim;7597;22791;3
Frauenheilkunde und Geburtshilfe;2016;Sendling-Westpark;7590.0;50937;6
Frauenheilkunde und Geburtshilfe;2011;Allach-Untermenzing;7491;14982;2
Frauenheilkunde und Geburtshilfe;2014;Sendling-Westpark;7239.0;49143;6
Frauenheilkunde und Geburtshilfe;2013;Aubing-Lochhausen-Langwied;7181;21543;3
Frauenheilkunde und Geburtshilfe;2012;Aubing-Lochhausen-Langwied;6991;20973;3
Frauenheilkunde und Geburtshilfe;2011;Aubing-Lochhausen-Langwied;6812;20436;3
Frauenheilkunde und Geburtshilfe;2011;Harlaching;6572.0;26288;4
Frauenheilkunde und Geburtshilfe;2010;Harlaching;6454.0;25816;4
Frauenheilkunde und Geburtshilfe;2015;Aubing-Lochhausen-Langwied;5537;22148;4
Frauenheilkunde und Geburtshilfe;2015;Harlaching;5492.0;27460;5
Frauenheilkunde und Geburtshilfe;2011;Berg am Laim;5321;21284;4
Frauenheilkunde und Geburtshilfe;2014;Schwanthalerh”he;4877;14631;3
Frauenheilkunde und Geburtshilfe;2012;Schwanthalerh”he;4764;14292;3
Frauenheilkunde und Geburtshilfe;2017;Aubing-Lochhausen-Langwied;4600;23000;5
Frauenheilkunde und Geburtshilfe;2016;Aubing-Lochhausen-Langwied;4563;22815;5
Frauenheilkunde und Geburtshilfe;2010;Schwanthalerh”he;4558;13674;3
Frauenheilkunde und Geburtshilfe;2012;Thalkirchen, Obersendling;4525.0;15083;3
Frauenheilkunde und Geburtshilfe;2016;Moosach;4475;26850;6
Frauenheilkunde und Geburtshilfe;2017;Moosach;4472;26832;6
Frauenheilkunde und Geburtshilfe;2015;Moosach;4410;26460;6
Frauenheilkunde und Geburtshilfe;2011;Laim;3918;27426;7
Allgemeinmedizin;2017;Milbertshofen-Am Hart;2669;74731;28
Allgemeinmedizin;2017;Trudering-Riem;2483;72006;29
Allgemeinmedizin;2017;Ramersdorf-Perlach;2385;114478;48
Frauenheilkunde und Geburtshilfe;2013;Au-Haidhausen;2375;30875;13
Allgemeinmedizin;2015;Schwabing-West;2363;68527;29
Allgemeinmedizin;2016;Pasing;2326.0;37216;16
Allgemeinmedizin;2014;Berg am Laim;2317;44022;19
Frauenheilkunde und Geburtshilfe;2010;Schwabing-West;2224;33360;15
Allgemeinmedizin;2010;Ramersdorf-Perlach;2182;104737;48
Allgemeinmedizin;2016;Schwabing-West;2169;69407;32
Frauenheilkunde und Geburtshilfe;2015;Stadt Mnchen;2169;770009;355
Allgemeinmedizin;2012;Aubing-Lochhausen-Langwied;2164;41116;19
Allgemeinmedizin;2010;Milbertshofen-Am Hart;2090;68970;33
Allgemeinmedizin;2011;Schwabing-West;2053;63644;31
Allgemeinmedizin;2015;Neuhausen;1974.0;49351;25
Allgemeinmedizin;2012;Schwabing-Freimann;1958;68530;35
Allgemeinmedizin;2014;Stadt Mnchen;1868;1490681;798
Allgemeinmedizin;2014;Harlaching;1692.0;52452;31
Allgemeinmedizin;2012;Harlaching;1651.0;51180;31
Allgemeinmedizin;2010;Schwabing-Freimann;1629;65158;40
Allgemeinmedizin;2015;Schwanthalerh”he;1599;30381;19
Allgemeinmedizin;2012;Neuhausen;1571.0;47128;30
Frauenheilkunde und Geburtshilfe;2011;Maxvorstadt;1554;24864;16
Allgemeinmedizin;2010;Laim;1439;51805;36
Frauenheilkunde und Geburtshilfe;2017;Neuhausen-Nymphenburg;1217.0;25557;21
Allgemeinmedizin;2015;Altstadt-Lehel;384;21122;55
Allgemeinmedizin;2011;Altstadt-Lehel;334;19707;59
Allgemeinmedizin;2016;Nymphenburg;2163.9;49769;23
Allgemeinmedizin;2017;Nymphenburg;2096.2;49260;24
Allgemeinmedizin;2014;Nymphenburg;1805.9;48761;27
Allgemeinmedizin;2013;Nymphenburg;1682.6;47953;29
Allgemeinmedizin;2011;Nymphenburg;1616.5;46069;29
Allgemeinmedizin;2010;Nymphenburg;1440.1;44643;31
Allgemeinmedizin;2015;Nymphenburg;1974.0;49351;25
Allgemeinmedizin;2012;Nymphenburg;1571.0;47128;30
Frauenheilkunde und Geburtshilfe;2012;Neuhausen-Nymphenburg;1539.4;24631;16
Frauenheilkunde und Geburtshilfe;2010;Neuhausen-Nymphenburg;1516.1;23500;15
Frauenheilkunde und Geburtshilfe;2011;Neuhausen-Nymphenburg;1509.8;24157;16
Frauenheilkunde und Geburtshilfe;2013;Neuhausen-Nymphenburg;1392.2;25060;18
Frauenheilkunde und Geburtshilfe;2014;Neuhausen-Nymphenburg;1238.2;25384;21
Frauenheilkunde und Geburtshilfe;2016;Neuhausen-Nymphenburg;1227.2;25771;21
Frauenheilkunde und Geburtshilfe;2015;Neuhausen-Nymphenburg;1220.5;25630;21
Frauenheilkunde und Geburtshilfe;2017;Neuhausen-Nymphenburg;1217.0;25557;21
Allgemeinmedizin;2017;Obermenzing;2390.3;37049;15
Allgemeinmedizin;2015;Obermenzing;2291.3;36660;16
Allgemeinmedizin;2014;Obermenzing;2178.2;35940;17
Allgemeinmedizin;2013;Obermenzing;1966.2;35391;18
Allgemeinmedizin;2012;Obermenzing;1823.6;34647;19
Allgemeinmedizin;2011;Obermenzing;1655.6;33939;20
Allgemeinmedizin;2010;Obermenzing;1577.2;33122;21
Frauenheilkunde und Geburtshilfe;2011;Obermenzing;1452.5;17430;12
Frauenheilkunde und Geburtshilfe;2013;Obermenzing;1395.5;18141;13
Frauenheilkunde und Geburtshilfe;2010;Obermenzing;1363.2;17040;12,5
Frauenheilkunde und Geburtshilfe;2016;Obermenzing;1264.9;18973;15
Frauenheilkunde und Geburtshilfe;2017;Obermenzing;1260.2;18902;15
Frauenheilkunde und Geburtshilfe;2014;Obermenzing;1223.1;18346;15
Frauenheilkunde und Geburtshilfe;2015;Obermenzing;1200.9;18614;16
Frauenheilkunde und Geburtshilfe;2012;Obermenzing;1184.7;17770;15
Allgemeinmedizin;2016;Obermenzing;2326.0;37216;16
Frauenheilkunde und Geburtshilfe;2014;Forstenried-Frstenried;4722.5;15741;3
Frauenheilkunde und Geburtshilfe;2013;Forstenried-Frstenried;4659.8;15532;3
Frauenheilkunde und Geburtshilfe;2011;Forstenried-Frstenried;4446.1;14820;3
Frauenheilkunde und Geburtshilfe;2015;Forstenried-Frstenried;4381.6;16065;4
Frauenheilkunde und Geburtshilfe;2010;Forstenried-Frstenried;4367.3;14557;3
Frauenheilkunde und Geburtshilfe;2016;Forstenried-Frstenried;4077.1;16308;4
Frauenheilkunde und Geburtshilfe;2017;Forstenried-Frstenried;4061.1;16244;4
Allgemeinmedizin;2013;Forstenried-Frstenried;2214.4;30263;14
Allgemeinmedizin;2011;Forstenried-Frstenried;2191.5;28489;13
Allgemeinmedizin;2012;Forstenried-Frstenried;2181.8;29090;13
Allgemeinmedizin;2017;Forstenried-Frstenried;2171.7;31851;15
Allgemeinmedizin;2014;Forstenried-Frstenried;2125.9;30470;14
Allgemeinmedizin;2016;Forstenried-Frstenried;2091.3;32066;15
Allgemeinmedizin;2010;Forstenried-Frstenried;2089.6;27861;13
Allgemeinmedizin;2015;Forstenried-Frstenried;1991.5;31200;16
Frauenheilkunde und Geburtshilfe;2012;Forstenried-Frstenried;4525.0;15083;3
Frauenheilkunde und Geburtshilfe;2014;Solln;4722.5;15741;3
Frauenheilkunde und Geburtshilfe;2013;Solln;4659.8;15532;3
Frauenheilkunde und Geburtshilfe;2011;Solln;4446.1;14820;3
Frauenheilkunde und Geburtshilfe;2015;Solln;4381.6;16065;4
Frauenheilkunde und Geburtshilfe;2010;Solln;4367.3;14557;3
Frauenheilkunde und Geburtshilfe;2016;Solln;4077.1;16308;4
Frauenheilkunde und Geburtshilfe;2017;Solln;4061.1;16244;4
Allgemeinmedizin;2013;Solln;2214.4;30263;14
Allgemeinmedizin;2011;Solln;2191.5;28489;13
Allgemeinmedizin;2012;Solln;2181.8;29090;13
Allgemeinmedizin;2017;Solln;2171.7;31851;15
Allgemeinmedizin;2014;Solln;2125.9;30470;14
Allgemeinmedizin;2016;Solln;2091.3;32066;15
Allgemeinmedizin;2010;Solln;2089.6;27861;13
Allgemeinmedizin;2015;Solln;1991.5;31200;16
Frauenheilkunde und Geburtshilfe;2012;Solln;4525.0;15083;3