Arzt Fachrichtung;Jahr;Räumliche Gliederung;Ärztedichte;Anzahl Einwohner;Anzahl Ärzte
alle Ã„rzte (ohne Therapeuten);2017;Stadt München;390.5;1526056;3908
alle Ã„rzte (ohne Therapeuten);2017;Altstadt - Lehel;34.9;20926;599
alle Ã„rzte (ohne Therapeuten);2017;Ludwigsvorstadt - Isarvorstadt;181.2;51632;285
alle Ã„rzte (ohne Therapeuten);2017;Maxvorstadt;195.8;51311;262
alle Ã„rzte (ohne Therapeuten);2017;Schwabing - West;418.8;68265;163
alle Ã„rzte (ohne Therapeuten);2017;Au - Haidhausen;383.3;60937;159
alle Ã„rzte (ohne Therapeuten);2017;Sendling;410.9;40682;99
alle Ã„rzte (ohne Therapeuten);2017;Sendling - Westpark;989.8;59386;60
alle Ã„rzte (ohne Therapeuten);2017;SchwanthalerhÃ¶he;671.3;29535;44
alle Ã„rzte (ohne Therapeuten);2017;Neuhausen - Nymphenburg;294.1;98520;335
alle Ã„rzte (ohne Therapeuten);2017;Moosach;662.5;53662;81
alle Ã„rzte (ohne Therapeuten);2017;Milbertshofen - Am Hart;1494.6;74731;50
alle Ã„rzte (ohne Therapeuten);2017;Schwabing - Freimann;314.2;76341;243
alle Ã„rzte (ohne Therapeuten);2017;Bogenhausen;297.5;85971;289
alle Ã„rzte (ohne Therapeuten);2017;Berg am Laim;1199.5;45582;38
alle Ã„rzte (ohne Therapeuten);2017;Trudering - Riem;857.2;72006;84
alle Ã„rzte (ohne Therapeuten);2017;Ramersdorf - Perlach;795;114478;144
alle Ã„rzte (ohne Therapeuten);2017;Obergiesing - Fasangarten;477.3;53937;113
alle Ã„rzte (ohne Therapeuten);2017;Untergiesing - Harlaching;414.2;52600;127
alle Ã„rzte (ohne Therapeuten);2017;Thalkirchen - Obersendling - Forstenried - FÃ¼rstenried - Solln;505.6;95554;189
alle Ã„rzte (ohne Therapeuten);2017;Hadern;800.4;49626;62
alle Ã„rzte (ohne Therapeuten);2017;Pasing - Obermenzing;300;74098;247
alle Ã„rzte (ohne Therapeuten);2017;Aubing - Lochhausen - Langwied;859;46385;54
alle Ã„rzte (ohne Therapeuten);2017;Allach - Untermenzing;1054.1;32677;31
alle Ã„rzte (ohne Therapeuten);2017;Feldmoching - Hasenbergl;1486.2;60933;41
alle Ã„rzte (ohne Therapeuten);2017;Laim;516.3;56281;109
alle Ã„rzte (ohne Therapeuten);2016;Stadt München;398.1;1542860;3876
alle Ã„rzte (ohne Therapeuten);2016;Altstadt - Lehel;37.1;21454;579
alle Ã„rzte (ohne Therapeuten);2016;Ludwigsvorstadt - Isarvorstadt;194.1;54915;283
alle Ã„rzte (ohne Therapeuten);2016;Maxvorstadt;207.1;53443;258
alle Ã„rzte (ohne Therapeuten);2016;Schwabing - West;442.1;69407;157
alle Ã„rzte (ohne Therapeuten);2016;Au - Haidhausen;342.5;61999;181
alle Ã„rzte (ohne Therapeuten);2016;Sendling;420.7;41230;98
alle Ã„rzte (ohne Therapeuten);2016;Sendling - Westpark;924.6;59174;64
alle Ã„rzte (ohne Therapeuten);2016;SchwanthalerhÃ¶he;688.2;30282;44
alle Ã„rzte (ohne Therapeuten);2016;Neuhausen - Nymphenburg;302.6;99538;329
alle Ã„rzte (ohne Therapeuten);2016;Moosach;664.9;53859;81
alle Ã„rzte (ohne Therapeuten);2016;Milbertshofen - Am Hart;1337.8;76255;57
alle Ã„rzte (ohne Therapeuten);2016;Schwabing - Freimann;317.7;77188;243
alle Ã„rzte (ohne Therapeuten);2016;Bogenhausen;300.6;87164;290
alle Ã„rzte (ohne Therapeuten);2016;Berg am Laim;1201.5;45655;38
alle Ã„rzte (ohne Therapeuten);2016;Trudering - Riem;860.8;71448;83
alle Ã„rzte (ohne Therapeuten);2016;Ramersdorf - Perlach;769.6;113898;148
alle Ã„rzte (ohne Therapeuten);2016;Obergiesing - Fasangarten;629.7;54784;87
alle Ã„rzte (ohne Therapeuten);2016;Untergiesing - Harlaching;425.6;54050;127
alle Ã„rzte (ohne Therapeuten);2016;Thalkirchen - Obersendling - Forstenried - FÃ¼rstenried - Solln;503.7;96200;191
alle Ã„rzte (ohne Therapeuten);2016;Hadern;829;50567;61
alle Ã„rzte (ohne Therapeuten);2016;Pasing - Obermenzing;305.1;74432;244
alle Ã„rzte (ohne Therapeuten);2016;Aubing - Lochhausen - Langwied;859.8;45571;53
alle Ã„rzte (ohne Therapeuten);2016;Allach - Untermenzing;1040.3;32248;31
alle Ã„rzte (ohne Therapeuten);2016;Feldmoching - Hasenbergl;1470.6;61764;42
alle Ã„rzte (ohne Therapeuten);2016;Laim;526.5;56335;107
alle Ã„rzte (ohne Therapeuten);2015;Stadt München;397.1;1521678;3832
alle Ã„rzte (ohne Therapeuten);2015;Altstadt - Lehel;37.5;21122;563
alle Ã„rzte (ohne Therapeuten);2015;Ludwigsvorstadt - Isarvorstadt;190.3;54049;284
alle Ã„rzte (ohne Therapeuten);2015;Maxvorstadt;213.3;53743;252
alle Ã„rzte (ohne Therapeuten);2015;Schwabing - West;431;68527;159
alle Ã„rzte (ohne Therapeuten);2015;Au - Haidhausen;339.8;61495;181
alle Ã„rzte (ohne Therapeuten);2015;Sendling;421.4;40879;97
alle Ã„rzte (ohne Therapeuten);2015;Sendling - Westpark;884.8;58398;66
alle Ã„rzte (ohne Therapeuten);2015;SchwanthalerhÃ¶he;723.4;30381;42
alle Ã„rzte (ohne Therapeuten);2015;Neuhausen - Nymphenburg;292;98702;338
alle Ã„rzte (ohne Therapeuten);2015;Moosach;739.7;53261;72
alle Ã„rzte (ohne Therapeuten);2015;Milbertshofen - Am Hart;1424.3;75488;53
alle Ã„rzte (ohne Therapeuten);2015;Schwabing - Freimann;310;75020;242
alle Ã„rzte (ohne Therapeuten);2015;Bogenhausen;300.5;85947;286
alle Ã„rzte (ohne Therapeuten);2015;Berg am Laim;1154.7;45035;39
alle Ã„rzte (ohne Therapeuten);2015;Trudering - Riem;872.9;69830;80
alle Ã„rzte (ohne Therapeuten);2015;Ramersdorf - Perlach;780.4;112371;144
alle Ã„rzte (ohne Therapeuten);2015;Obergiesing - Fasangarten;618.2;54402;88
alle Ã„rzte (ohne Therapeuten);2015;Untergiesing - Harlaching;434;53377;123
alle Ã„rzte (ohne Therapeuten);2015;Thalkirchen - Obersendling - Forstenried - FÃ¼rstenried - Solln;517.1;93602;181
alle Ã„rzte (ohne Therapeuten);2015;Hadern;785.3;50257;64
alle Ã„rzte (ohne Therapeuten);2015;Pasing - Obermenzing;305.5;73320;240
alle Ã„rzte (ohne Therapeuten);2015;Aubing - Lochhausen - Langwied;873.6;43682;50
alle Ã„rzte (ohne Therapeuten);2015;Allach - Untermenzing;996.3;31882;32
alle Ã„rzte (ohne Therapeuten);2015;Feldmoching - Hasenbergl;1282;61534;48
alle Ã„rzte (ohne Therapeuten);2015;Laim;512.7;55374;108
alle Ã„rzte (ohne Therapeuten);2014;Stadt München;404.1;1490681;3689
alle Ã„rzte (ohne Therapeuten);2014;Altstadt - Lehel;44.4;20806;469
alle Ã„rzte (ohne Therapeuten);2014;Ludwigsvorstadt - Isarvorstadt;135.2;52177;386
alle Ã„rzte (ohne Therapeuten);2014;Maxvorstadt;243.4;52575;216
alle Ã„rzte (ohne Therapeuten);2014;Schwabing - West;422;67094;159
alle Ã„rzte (ohne Therapeuten);2014;Au - Haidhausen;337.5;60756;180
alle Ã„rzte (ohne Therapeuten);2014;Sendling;631.6;40422;64
alle Ã„rzte (ohne Therapeuten);2014;Sendling - Westpark;843.1;56485;67
alle Ã„rzte (ohne Therapeuten);2014;SchwanthalerhÃ¶he;813.1;30083;37
alle Ã„rzte (ohne Therapeuten);2014;Neuhausen - Nymphenburg;303.8;97521;321
alle Ã„rzte (ohne Therapeuten);2014;Moosach;752.2;52657;70
alle Ã„rzte (ohne Therapeuten);2014;Milbertshofen - Am Hart;899.6;74667;83
alle Ã„rzte (ohne Therapeuten);2014;Schwabing - Freimann;375.9;71802;191
alle Ã„rzte (ohne Therapeuten);2014;Bogenhausen;315.4;83900;266
alle Ã„rzte (ohne Therapeuten);2014;Berg am Laim;1158.5;44022;38
alle Ã„rzte (ohne Therapeuten);2014;Trudering - Riem;872.6;68063;78
alle Ã„rzte (ohne Therapeuten);2014;Ramersdorf - Perlach;769.9;110099;143
alle Ã„rzte (ohne Therapeuten);2014;Obergiesing - Fasangarten;651.2;52743;81
alle Ã„rzte (ohne Therapeuten);2014;Untergiesing - Harlaching;437.1;52452;120
alle Ã„rzte (ohne Therapeuten);2014;Thalkirchen - Obersendling - Forstenried - FÃ¼rstenried - Solln;464;91412;197
alle Ã„rzte (ohne Therapeuten);2014;Hadern;744.4;49874;67
alle Ã„rzte (ohne Therapeuten);2014;Pasing - Obermenzing;319.5;71880;225
alle Ã„rzte (ohne Therapeuten);2014;Aubing - Lochhausen - Langwied;952.4;42859;45
alle Ã„rzte (ohne Therapeuten);2014;Allach - Untermenzing;1081.1;31353;29
alle Ã„rzte (ohne Therapeuten);2014;Feldmoching - Hasenbergl;1181.6;60262;51
alle Ã„rzte (ohne Therapeuten);2014;Laim;516.2;54714;106
alle Ã„rzte (ohne Therapeuten);2013;Stadt München;394.1;1464962;3717
alle Ã„rzte (ohne Therapeuten);2013;Altstadt - Lehel;35.6;20422;574
alle Ã„rzte (ohne Therapeuten);2013;Ludwigsvorstadt - Isarvorstadt;183.4;50620;276
alle Ã„rzte (ohne Therapeuten);2013;Maxvorstadt;206.6;51642;250
alle Ã„rzte (ohne Therapeuten);2013;Schwabing - West;454.4;65892;145
alle Ã„rzte (ohne Therapeuten);2013;Au - Haidhausen;375.8;59752;159
alle Ã„rzte (ohne Therapeuten);2013;Sendling;475.6;39953;84
alle Ã„rzte (ohne Therapeuten);2013;Sendling - Westpark;826.9;55405;67
alle Ã„rzte (ohne Therapeuten);2013;SchwanthalerhÃ¶he;741.6;29663;40
alle Ã„rzte (ohne Therapeuten);2013;Neuhausen - Nymphenburg;296.9;95906;323
alle Ã„rzte (ohne Therapeuten);2013;Moosach;706;51537;73
alle Ã„rzte (ohne Therapeuten);2013;Milbertshofen - Am Hart;1314.6;73617;56
alle Ã„rzte (ohne Therapeuten);2013;Schwabing - Freimann;286.7;69676;243
alle Ã„rzte (ohne Therapeuten);2013;Bogenhausen;299.8;82138;274
alle Ã„rzte (ohne Therapeuten);2013;Berg am Laim;1076.7;43068;40
alle Ã„rzte (ohne Therapeuten);2013;Trudering - Riem;870.3;67009;77
alle Ã„rzte (ohne Therapeuten);2013;Ramersdorf - Perlach;741.4;108244;146
alle Ã„rzte (ohne Therapeuten);2013;Obergiesing - Fasangarten;620.5;51499;83
alle Ã„rzte (ohne Therapeuten);2013;Untergiesing - Harlaching;440.1;51937;118
alle Ã„rzte (ohne Therapeuten);2013;Thalkirchen - Obersendling - Forstenried - FÃ¼rstenried - Solln;504.4;90790;180
alle Ã„rzte (ohne Therapeuten);2013;Hadern;889.9;48945;55
alle Ã„rzte (ohne Therapeuten);2013;Pasing - Obermenzing;313.2;70783;226
alle Ã„rzte (ohne Therapeuten);2013;Aubing - Lochhausen - Langwied;940.1;42305;45
alle Ã„rzte (ohne Therapeuten);2013;Allach - Untermenzing;1024.6;30737;30
alle Ã„rzte (ohne Therapeuten);2013;Feldmoching - Hasenbergl;1291.1;59391;46
alle Ã„rzte (ohne Therapeuten);2013;Laim;505;54030;107
alle Ã„rzte (ohne Therapeuten);2012;Stadt München;392;1439474;3672
alle Ã„rzte (ohne Therapeuten);2012;Altstadt - Lehel;37.6;20048;533
alle Ã„rzte (ohne Therapeuten);2012;Ludwigsvorstadt - Isarvorstadt;189.5;49657;262
alle Ã„rzte (ohne Therapeuten);2012;Maxvorstadt;201.9;50877;252
alle Ã„rzte (ohne Therapeuten);2012;Schwabing - West;440.6;64770;147
alle Ã„rzte (ohne Therapeuten);2012;Au - Haidhausen;334.6;58881;176
alle Ã„rzte (ohne Therapeuten);2012;Sendling;434.8;39567;91
alle Ã„rzte (ohne Therapeuten);2012;Sendling - Westpark;727.4;54552;75
alle Ã„rzte (ohne Therapeuten);2012;SchwanthalerhÃ¶he;700.1;29402;42
alle Ã„rzte (ohne Therapeuten);2012;Neuhausen - Nymphenburg;287.4;94257;328
alle Ã„rzte (ohne Therapeuten);2012;Moosach;707.8;50253;71
alle Ã„rzte (ohne Therapeuten);2012;Milbertshofen - Am Hart;1294.8;72506;56
alle Ã„rzte (ohne Therapeuten);2012;Schwabing - Freimann;279.7;68530;245
alle Ã„rzte (ohne Therapeuten);2012;Bogenhausen;307.3;80816;263
alle Ã„rzte (ohne Therapeuten);2012;Berg am Laim;1057.8;42313;40
alle Ã„rzte (ohne Therapeuten);2012;Trudering - Riem;927.7;65869;71
alle Ã„rzte (ohne Therapeuten);2012;Ramersdorf - Perlach;788;107164;136
alle Ã„rzte (ohne Therapeuten);2012;Obergiesing - Fasangarten;575.3;51201;89
alle Ã„rzte (ohne Therapeuten);2012;Untergiesing - Harlaching;445;51180;115
alle Ã„rzte (ohne Therapeuten);2012;Thalkirchen - Obersendling - Forstenried - FÃ¼rstenried - Solln;528.9;87271;165
alle Ã„rzte (ohne Therapeuten);2012;Hadern;887.9;47949;54
alle Ã„rzte (ohne Therapeuten);2012;Pasing - Obermenzing;292.4;69295;237
alle Ã„rzte (ohne Therapeuten);2012;Aubing - Lochhausen - Langwied;934.5;41116;44
alle Ã„rzte (ohne Therapeuten);2012;Allach - Untermenzing;1048;30393;29
alle Ã„rzte (ohne Therapeuten);2012;Feldmoching - Hasenbergl;1294.3;58245;45
alle Ã„rzte (ohne Therapeuten);2012;Laim;503.4;53359;106
alle Ã„rzte (ohne Therapeuten);2011;Stadt München;385.5;1410741;3660
alle Ã„rzte (ohne Therapeuten);2011;Altstadt - Lehel;36.6;19707;539
alle Ã„rzte (ohne Therapeuten);2011;Ludwigsvorstadt - Isarvorstadt;178.6;48231;270
alle Ã„rzte (ohne Therapeuten);2011;Maxvorstadt;191.1;49498;259
alle Ã„rzte (ohne Therapeuten);2011;Schwabing - West;416;63644;153
alle Ã„rzte (ohne Therapeuten);2011;Au - Haidhausen;333.1;57297;172
alle Ã„rzte (ohne Therapeuten);2011;Sendling;448.3;39002;87
alle Ã„rzte (ohne Therapeuten);2011;Sendling - Westpark;665.9;53271;80
alle Ã„rzte (ohne Therapeuten);2011;SchwanthalerhÃ¶he;699.5;28678;41
alle Ã„rzte (ohne Therapeuten);2011;Neuhausen - Nymphenburg;295.3;92139;312
alle Ã„rzte (ohne Therapeuten);2011;Moosach;695.6;49384;71
alle Ã„rzte (ohne Therapeuten);2011;Milbertshofen - Am Hart;1281.3;70470;55
alle Ã„rzte (ohne Therapeuten);2011;Schwabing - Freimann;274.5;66706;243
alle Ã„rzte (ohne Therapeuten);2011;Bogenhausen;311.7;79175;254
alle Ã„rzte (ohne Therapeuten);2011;Berg am Laim;1060.1;41342;39
alle Ã„rzte (ohne Therapeuten);2011;Trudering - Riem;928.3;64983;70
alle Ã„rzte (ohne Therapeuten);2011;Ramersdorf - Perlach;778.7;105900;136
alle Ã„rzte (ohne Therapeuten);2011;Obergiesing - Fasangarten;617.8;50656;82
alle Ã„rzte (ohne Therapeuten);2011;Untergiesing - Harlaching;438.7;50455;115
alle Ã„rzte (ohne Therapeuten);2011;Thalkirchen - Obersendling - Forstenried - FÃ¼rstenried - Solln;530.9;85468;161
alle Ã„rzte (ohne Therapeuten);2011;Hadern;878.9;47459;54
alle Ã„rzte (ohne Therapeuten);2011;Pasing - Obermenzing;285.2;67878;238
alle Ã„rzte (ohne Therapeuten);2011;Aubing - Lochhausen - Langwied;884.2;39789;45
alle Ã„rzte (ohne Therapeuten);2011;Allach - Untermenzing;957.8;29693;31
alle Ã„rzte (ohne Therapeuten);2011;Feldmoching - Hasenbergl;1167;57183;49
alle Ã„rzte (ohne Therapeuten);2011;Laim;507.1;52733;104
alle Ã„rzte (ohne Therapeuten);2010;Stadt München;382.9;1382273;3610
alle Ã„rzte (ohne Therapeuten);2010;Altstadt - Lehel;36.7;19207;523
alle Ã„rzte (ohne Therapeuten);2010;Ludwigsvorstadt - Isarvorstadt;167.9;47357;282
alle Ã„rzte (ohne Therapeuten);2010;Maxvorstadt;197.1;48875;248
alle Ã„rzte (ohne Therapeuten);2010;Schwabing - West;427.6;62856;147
alle Ã„rzte (ohne Therapeuten);2010;Au - Haidhausen;306.1;56322;184
alle Ã„rzte (ohne Therapeuten);2010;Sendling;453.7;38567;85
alle Ã„rzte (ohne Therapeuten);2010;Sendling - Westpark;656.2;52495;80
alle Ã„rzte (ohne Therapeuten);2010;SchwanthalerhÃ¶he;718.1;28004;39
alle Ã„rzte (ohne Therapeuten);2010;Neuhausen - Nymphenburg;300.6;89286;297
alle Ã„rzte (ohne Therapeuten);2010;Moosach;691.7;48421;70
alle Ã„rzte (ohne Therapeuten);2010;Milbertshofen - Am Hart;1231.6;68970;56
alle Ã„rzte (ohne Therapeuten);2010;Schwabing - Freimann;274.9;65158;237
alle Ã„rzte (ohne Therapeuten);2010;Bogenhausen;324.4;77542;239
alle Ã„rzte (ohne Therapeuten);2010;Berg am Laim;1013.8;40550;40
alle Ã„rzte (ohne Therapeuten);2010;Trudering - Riem;836.8;62756;75
alle Ã„rzte (ohne Therapeuten);2010;Ramersdorf - Perlach;781.6;104737;134
alle Ã„rzte (ohne Therapeuten);2010;Obergiesing - Fasangarten;583.7;49030;84
alle Ã„rzte (ohne Therapeuten);2010;Untergiesing - Harlaching;416;49502;119
alle Ã„rzte (ohne Therapeuten);2010;Thalkirchen - Obersendling - Forstenried - FÃ¼rstenried - Solln;539.3;83584;155
alle Ã„rzte (ohne Therapeuten);2010;Hadern;807.8;46851;58
alle Ã„rzte (ohne Therapeuten);2010;Pasing - Obermenzing;297.1;66244;223
alle Ã„rzte (ohne Therapeuten);2010;Aubing - Lochhausen - Langwied;863.6;38863;45
alle Ã„rzte (ohne Therapeuten);2010;Allach - Untermenzing;711.2;29161;41
alle Ã„rzte (ohne Therapeuten);2010;Feldmoching - Hasenbergl;1145.5;56130;49
alle Ã„rzte (ohne Therapeuten);2010;Laim;518.1;51805;100
Allgemeinmedizin;2017;Stadt München;1956.5;1526056;780
Allgemeinmedizin;2017;Altstadt - Lehel;367.1;20926;57
Allgemeinmedizin;2017;Ludwigsvorstadt - Isarvorstadt;819.6;51632;63
Allgemeinmedizin;2017;Maxvorstadt;1769.3;51311;29
Allgemeinmedizin;2017;Schwabing - West;2007.8;68265;34
Allgemeinmedizin;2017;Au - Haidhausen;1846.6;60937;33
Allgemeinmedizin;2017;Sendling;1695.1;40682;24
Allgemeinmedizin;2017;Sendling - Westpark;3493.3;59386;17
Allgemeinmedizin;2017;SchwanthalerhÃ¶he;1640.8;29535;18
Allgemeinmedizin;2017;Neuhausen - Nymphenburg;2096.2;98520;47
Allgemeinmedizin;2017;Moosach;2683.1;53662;20
Allgemeinmedizin;2017;Milbertshofen - Am Hart;2669;74731;28
Allgemeinmedizin;2017;Schwabing - Freimann;2120.6;76341;36
Allgemeinmedizin;2017;Bogenhausen;1953.9;85971;44
Allgemeinmedizin;2017;Berg am Laim;3038.8;45582;15
Allgemeinmedizin;2017;Trudering - Riem;2483;72006;29
Allgemeinmedizin;2017;Ramersdorf - Perlach;2385;114478;48
Allgemeinmedizin;2017;Obergiesing - Fasangarten;2838.8;53937;19
Allgemeinmedizin;2017;Untergiesing - Harlaching;1878.6;52600;28
Allgemeinmedizin;2017;Thalkirchen - Obersendling - Forstenried - FÃ¼rstenried - Solln;2171.7;95554;44
Allgemeinmedizin;2017;Hadern;3101.6;49626;16
Allgemeinmedizin;2017;Pasing - Obermenzing;2390.3;74098;31
Allgemeinmedizin;2017;Aubing - Lochhausen - Langwied;1855.4;46385;25
Allgemeinmedizin;2017;Allach - Untermenzing;2723.1;32677;12
Allgemeinmedizin;2017;Feldmoching - Hasenbergl;2437.3;60933;25
Allgemeinmedizin;2017;Laim;1481.1;56281;38
Allgemeinmedizin;2016;Stadt München;1921.4;1542860;803
Allgemeinmedizin;2016;Altstadt - Lehel;363.6;21454;59
Allgemeinmedizin;2016;Ludwigsvorstadt - Isarvorstadt;885.7;54915;62
Allgemeinmedizin;2016;Maxvorstadt;1670.1;53443;32
Allgemeinmedizin;2016;Schwabing - West;2169;69407;32
Allgemeinmedizin;2016;Au - Haidhausen;1823.5;61999;34
Allgemeinmedizin;2016;Sendling;1717.9;41230;24
Allgemeinmedizin;2016;Sendling - Westpark;3114.4;59174;19
Allgemeinmedizin;2016;SchwanthalerhÃ¶he;1514.1;30282;20
Allgemeinmedizin;2016;Neuhausen - Nymphenburg;2163.9;99538;46
Allgemeinmedizin;2016;Moosach;2834.7;53859;19
Allgemeinmedizin;2016;Milbertshofen - Am Hart;2310.8;76255;33
Allgemeinmedizin;2016;Schwabing - Freimann;2205.4;77188;35
Allgemeinmedizin;2016;Bogenhausen;1743.3;87164;50
Allgemeinmedizin;2016;Berg am Laim;2685.6;45655;17
Allgemeinmedizin;2016;Trudering - Riem;2463.7;71448;29
Allgemeinmedizin;2016;Ramersdorf - Perlach;2324.5;113898;49
Allgemeinmedizin;2016;Obergiesing - Fasangarten;3043.6;54784;18
Allgemeinmedizin;2016;Untergiesing - Harlaching;1863.8;54050;29
Allgemeinmedizin;2016;Thalkirchen - Obersendling - Forstenried - FÃ¼rstenried - Solln;2091.3;96200;46
Allgemeinmedizin;2016;Hadern;2974.5;50567;17
Allgemeinmedizin;2016;Pasing - Obermenzing;2326;74432;32
Allgemeinmedizin;2016;Aubing - Lochhausen - Langwied;1981.4;45571;23
Allgemeinmedizin;2016;Allach - Untermenzing;2303.4;32248;14
Allgemeinmedizin;2016;Feldmoching - Hasenbergl;2470.6;61764;25
Allgemeinmedizin;2016;Laim;1444.5;56335;39
Allgemeinmedizin;2015;Stadt München;1892.6;1521678;804
Allgemeinmedizin;2015;Altstadt - Lehel;384;21122;55
Allgemeinmedizin;2015;Ludwigsvorstadt - Isarvorstadt;916.1;54049;59
Allgemeinmedizin;2015;Maxvorstadt;1492.9;53743;36
Allgemeinmedizin;2015;Schwabing - West;2363;68527;29
Allgemeinmedizin;2015;Au - Haidhausen;1576.8;61495;39
Allgemeinmedizin;2015;Sendling;1635.2;40879;25
Allgemeinmedizin;2015;Sendling - Westpark;3073.6;58398;19
Allgemeinmedizin;2015;SchwanthalerhÃ¶he;1599;30381;19
Allgemeinmedizin;2015;Neuhausen - Nymphenburg;1974;98702;50
Allgemeinmedizin;2015;Moosach;2663.1;53261;20
Allgemeinmedizin;2015;Milbertshofen - Am Hart;2516.3;75488;30
Allgemeinmedizin;2015;Schwabing - Freimann;2143.4;75020;35
Allgemeinmedizin;2015;Bogenhausen;1718.9;85947;50
Allgemeinmedizin;2015;Berg am Laim;2370.3;45035;19
Allgemeinmedizin;2015;Trudering - Riem;2407.9;69830;29
Allgemeinmedizin;2015;Ramersdorf - Perlach;2442.9;112371;46
Allgemeinmedizin;2015;Obergiesing - Fasangarten;2863.3;54402;19
Allgemeinmedizin;2015;Untergiesing - Harlaching;1779.2;53377;30
Allgemeinmedizin;2015;Thalkirchen - Obersendling - Forstenried - FÃ¼rstenried - Solln;1991.5;93602;47
Allgemeinmedizin;2015;Hadern;3141.1;50257;16
Allgemeinmedizin;2015;Pasing - Obermenzing;2291.3;73320;32
Allgemeinmedizin;2015;Aubing - Lochhausen - Langwied;1899.2;43682;23
Allgemeinmedizin;2015;Allach - Untermenzing;2277.3;31882;14
Allgemeinmedizin;2015;Feldmoching - Hasenbergl;2366.7;61534;26
Allgemeinmedizin;2015;Laim;1496.6;55374;37
Allgemeinmedizin;2014;Stadt München;1868;1490681;798
Allgemeinmedizin;2014;Altstadt - Lehel;433.5;20806;48
Allgemeinmedizin;2014;Ludwigsvorstadt - Isarvorstadt;745.4;52177;70
Allgemeinmedizin;2014;Maxvorstadt;1502.1;52575;35
Allgemeinmedizin;2014;Schwabing - West;2033.2;67094;33
Allgemeinmedizin;2014;Au - Haidhausen;1412.9;60756;43
Allgemeinmedizin;2014;Sendling;1837.4;40422;22
Allgemeinmedizin;2014;Sendling - Westpark;2972.9;56485;19
Allgemeinmedizin;2014;SchwanthalerhÃ¶he;1769.6;30083;17
Allgemeinmedizin;2014;Neuhausen - Nymphenburg;1805.9;97521;54
Allgemeinmedizin;2014;Moosach;2771.4;52657;19
Allgemeinmedizin;2014;Milbertshofen - Am Hart;2408.6;74667;31
Allgemeinmedizin;2014;Schwabing - Freimann;2475.9;71802;29
Allgemeinmedizin;2014;Bogenhausen;1864.4;83900;45
Allgemeinmedizin;2014;Berg am Laim;2317;44022;19
Allgemeinmedizin;2014;Trudering - Riem;2520.9;68063;27
Allgemeinmedizin;2014;Ramersdorf - Perlach;2293.7;110099;48
Allgemeinmedizin;2014;Obergiesing - Fasangarten;2930.2;52743;18
Allgemeinmedizin;2014;Untergiesing - Harlaching;1692;52452;31
Allgemeinmedizin;2014;Thalkirchen - Obersendling - Forstenried - FÃ¼rstenried - Solln;2125.9;91412;43
Allgemeinmedizin;2014;Hadern;3117.1;49874;16
Allgemeinmedizin;2014;Pasing - Obermenzing;2178.2;71880;33
Allgemeinmedizin;2014;Aubing - Lochhausen - Langwied;1948.1;42859;22
Allgemeinmedizin;2014;Allach - Untermenzing;2612.8;31353;12
Allgemeinmedizin;2014;Feldmoching - Hasenbergl;2152.2;60262;28
Allgemeinmedizin;2014;Laim;1519.8;54714;36
Allgemeinmedizin;2013;Stadt München;1795.3;1464962;816
Allgemeinmedizin;2013;Altstadt - Lehel;319.1;20422;64
Allgemeinmedizin;2013;Ludwigsvorstadt - Isarvorstadt;843.7;50620;60
Allgemeinmedizin;2013;Maxvorstadt;1395.7;51642;37
Allgemeinmedizin;2013;Schwabing - West;2196.4;65892;30
Allgemeinmedizin;2013;Au - Haidhausen;1389.6;59752;43
Allgemeinmedizin;2013;Sendling;1737.1;39953;23
Allgemeinmedizin;2013;Sendling - Westpark;2638.3;55405;21
Allgemeinmedizin;2013;SchwanthalerhÃ¶he;1744.9;29663;17
Allgemeinmedizin;2013;Neuhausen - Nymphenburg;1682.6;95906;57
Allgemeinmedizin;2013;Moosach;2454.1;51537;21
Allgemeinmedizin;2013;Milbertshofen - Am Hart;2230.8;73617;33
Allgemeinmedizin;2013;Schwabing - Freimann;2111.4;69676;33
Allgemeinmedizin;2013;Bogenhausen;1610.6;82138;51
Allgemeinmedizin;2013;Berg am Laim;2392.7;43068;18
Allgemeinmedizin;2013;Trudering - Riem;2393.2;67009;28
Allgemeinmedizin;2013;Ramersdorf - Perlach;2255.1;108244;48
Allgemeinmedizin;2013;Obergiesing - Fasangarten;2710.5;51499;19
Allgemeinmedizin;2013;Untergiesing - Harlaching;1854.9;51937;28
Allgemeinmedizin;2013;Thalkirchen - Obersendling - Forstenried - FÃ¼rstenried - Solln;2214.4;90790;41
Allgemeinmedizin;2013;Hadern;3496.1;48945;14
Allgemeinmedizin;2013;Pasing - Obermenzing;1966.2;70783;36
Allgemeinmedizin;2013;Aubing - Lochhausen - Langwied;2014.5;42305;21
Allgemeinmedizin;2013;Allach - Untermenzing;2561.4;30737;12
Allgemeinmedizin;2013;Feldmoching - Hasenbergl;2375.6;59391;25
Allgemeinmedizin;2013;Laim;1500.8;54030;36
Allgemeinmedizin;2012;Stadt München;1757.6;1439474;819
Allgemeinmedizin;2012;Altstadt - Lehel;339.8;20048;59
Allgemeinmedizin;2012;Ludwigsvorstadt - Isarvorstadt;871.2;49657;57
Allgemeinmedizin;2012;Maxvorstadt;1338.9;50877;38
Allgemeinmedizin;2012;Schwabing - West;2024.1;64770;32
Allgemeinmedizin;2012;Au - Haidhausen;1401.9;58881;42
Allgemeinmedizin;2012;Sendling;1521.8;39567;26
Allgemeinmedizin;2012;Sendling - Westpark;2597.7;54552;21
Allgemeinmedizin;2012;SchwanthalerhÃ¶he;1547.5;29402;19
Allgemeinmedizin;2012;Neuhausen - Nymphenburg;1571;94257;60
Allgemeinmedizin;2012;Moosach;2512.7;50253;20
Allgemeinmedizin;2012;Milbertshofen - Am Hart;2265.8;72506;32
Allgemeinmedizin;2012;Schwabing - Freimann;1958;68530;35
Allgemeinmedizin;2012;Bogenhausen;1616.3;80816;50
Allgemeinmedizin;2012;Berg am Laim;2350.7;42313;18
Allgemeinmedizin;2012;Trudering - Riem;2271.3;65869;29
Allgemeinmedizin;2012;Ramersdorf - Perlach;2329.7;107164;46
Allgemeinmedizin;2012;Obergiesing - Fasangarten;2560.1;51201;20
Allgemeinmedizin;2012;Untergiesing - Harlaching;1651;51180;31
Allgemeinmedizin;2012;Thalkirchen - Obersendling - Forstenried - FÃ¼rstenried - Solln;2181.8;87271;40
Allgemeinmedizin;2012;Hadern;3196.6;47949;15
Allgemeinmedizin;2012;Pasing - Obermenzing;1823.6;69295;38
Allgemeinmedizin;2012;Aubing - Lochhausen - Langwied;2164;41116;19
Allgemeinmedizin;2012;Allach - Untermenzing;2532.8;30393;12
Allgemeinmedizin;2012;Feldmoching - Hasenbergl;2329.8;58245;25
Allgemeinmedizin;2012;Laim;1524.5;53359;35
Allgemeinmedizin;2011;Stadt München;1705.9;1410741;827
Allgemeinmedizin;2011;Altstadt - Lehel;334;19707;59
Allgemeinmedizin;2011;Ludwigsvorstadt - Isarvorstadt;831.6;48231;58
Allgemeinmedizin;2011;Maxvorstadt;1269.2;49498;39
Allgemeinmedizin;2011;Schwabing - West;2053;63644;31
Allgemeinmedizin;2011;Au - Haidhausen;1332.5;57297;43
Allgemeinmedizin;2011;Sendling;1500.1;39002;26
Allgemeinmedizin;2011;Sendling - Westpark;2316.1;53271;23
Allgemeinmedizin;2011;SchwanthalerhÃ¶he;1509.4;28678;19
Allgemeinmedizin;2011;Neuhausen - Nymphenburg;1616.5;92139;57
Allgemeinmedizin;2011;Moosach;2599.2;49384;19
Allgemeinmedizin;2011;Milbertshofen - Am Hart;2202.2;70470;32
Allgemeinmedizin;2011;Schwabing - Freimann;1852.9;66706;36
Allgemeinmedizin;2011;Bogenhausen;1583.5;79175;50
Allgemeinmedizin;2011;Berg am Laim;2296.8;41342;18
Allgemeinmedizin;2011;Trudering - Riem;2166.1;64983;30
Allgemeinmedizin;2011;Ramersdorf - Perlach;2253.2;105900;47
Allgemeinmedizin;2011;Obergiesing - Fasangarten;2666.1;50656;19
Allgemeinmedizin;2011;Untergiesing - Harlaching;1627.6;50455;31
Allgemeinmedizin;2011;Thalkirchen - Obersendling - Forstenried - FÃ¼rstenried - Solln;2191.5;85468;39
Allgemeinmedizin;2011;Hadern;3163.9;47459;15
Allgemeinmedizin;2011;Pasing - Obermenzing;1655.6;67878;41
Allgemeinmedizin;2011;Aubing - Lochhausen - Langwied;1989.5;39789;20
Allgemeinmedizin;2011;Allach - Untermenzing;2474.4;29693;12
Allgemeinmedizin;2011;Feldmoching - Hasenbergl;2117.9;57183;27
Allgemeinmedizin;2011;Laim;1464.8;52733;36
Allgemeinmedizin;2010;Stadt München;1624.3;1382273;851
Allgemeinmedizin;2010;Altstadt - Lehel;331.2;19207;58
Allgemeinmedizin;2010;Ludwigsvorstadt - Isarvorstadt;845.7;47357;56
Allgemeinmedizin;2010;Maxvorstadt;1253.2;48875;39
Allgemeinmedizin;2010;Schwabing - West;2027.6;62856;31
Allgemeinmedizin;2010;Au - Haidhausen;1251.6;56322;45
Allgemeinmedizin;2010;Sendling;1483.4;38567;26
Allgemeinmedizin;2010;Sendling - Westpark;2099.8;52495;25
Allgemeinmedizin;2010;SchwanthalerhÃ¶he;1473.9;28004;19
Allgemeinmedizin;2010;Neuhausen - Nymphenburg;1440.1;89286;62
Allgemeinmedizin;2010;Moosach;2690.1;48421;18
Allgemeinmedizin;2010;Milbertshofen - Am Hart;2090;68970;33
Allgemeinmedizin;2010;Schwabing - Freimann;1629;65158;40
Allgemeinmedizin;2010;Bogenhausen;1582.5;77542;49
Allgemeinmedizin;2010;Berg am Laim;2252.8;40550;18
Allgemeinmedizin;2010;Trudering - Riem;2091.9;62756;30
Allgemeinmedizin;2010;Ramersdorf - Perlach;2182;104737;48
Allgemeinmedizin;2010;Obergiesing - Fasangarten;2451.5;49030;20
Allgemeinmedizin;2010;Untergiesing - Harlaching;1455.9;49502;34
Allgemeinmedizin;2010;Thalkirchen - Obersendling - Forstenried - FÃ¼rstenried - Solln;2089.6;83584;40
Allgemeinmedizin;2010;Hadern;2755.9;46851;17
Allgemeinmedizin;2010;Pasing - Obermenzing;1577.2;66244;42
Allgemeinmedizin;2010;Aubing - Lochhausen - Langwied;1943.2;38863;20
Allgemeinmedizin;2010;Allach - Untermenzing;1715.4;29161;17
Allgemeinmedizin;2010;Feldmoching - Hasenbergl;2004.6;56130;28
Allgemeinmedizin;2010;Laim;1439;51805;36
Frauenheilkunde und Geburtshilfe;2017;Stadt München;2172.7;773462;356
Frauenheilkunde und Geburtshilfe;2017;Altstadt - Lehel;119.8;10421;87
Frauenheilkunde und Geburtshilfe;2017;Ludwigsvorstadt - Isarvorstadt;808.7;25070;31
Frauenheilkunde und Geburtshilfe;2017;Maxvorstadt;1840.1;25761;14
Frauenheilkunde und Geburtshilfe;2017;Schwabing - West;1895.2;36008;19
Frauenheilkunde und Geburtshilfe;2017;Au - Haidhausen;2621.8;31462;12
Frauenheilkunde und Geburtshilfe;2017;Sendling;10220;20440;2
Frauenheilkunde und Geburtshilfe;2017;Sendling - Westpark;7640;30560;4
Frauenheilkunde und Geburtshilfe;2017;SchwanthalerhÃ¶he;7234.5;14469;2
Frauenheilkunde und Geburtshilfe;2017;Neuhausen - Nymphenburg;1217;51114;42
Frauenheilkunde und Geburtshilfe;2017;Moosach;4472;26832;6
Frauenheilkunde und Geburtshilfe;2017;Milbertshofen - Am Hart;18120;36240;2
Frauenheilkunde und Geburtshilfe;2017;Schwabing - Freimann;1884.9;37698;20
Frauenheilkunde und Geburtshilfe;2017;Bogenhausen;1541.9;44716;29
Frauenheilkunde und Geburtshilfe;2017;Berg am Laim;7708;23124;3
Frauenheilkunde und Geburtshilfe;2017;Trudering - Riem;9039.5;36158;4
Frauenheilkunde und Geburtshilfe;2017;Ramersdorf - Perlach;7277.6;58221;8
Frauenheilkunde und Geburtshilfe;2017;Obergiesing - Fasangarten;2692.6;26926;10
Frauenheilkunde und Geburtshilfe;2017;Untergiesing - Harlaching;5461.6;27308;5
Frauenheilkunde und Geburtshilfe;2017;Thalkirchen - Obersendling - Forstenried - FÃ¼rstenried - Solln;4061.1;48733;12
Frauenheilkunde und Geburtshilfe;2017;Hadern;8724.7;26174;3
Frauenheilkunde und Geburtshilfe;2017;Pasing - Obermenzing;1260.2;37805;30
Frauenheilkunde und Geburtshilfe;2017;Aubing - Lochhausen - Langwied;4600;23000;5
Frauenheilkunde und Geburtshilfe;2017;Allach - Untermenzing;8073;16146;2
Frauenheilkunde und Geburtshilfe;2017;Feldmoching - Hasenbergl;30395;30395;1
Frauenheilkunde und Geburtshilfe;2017;Laim;9560.3;28681;3
Frauenheilkunde und Geburtshilfe;2016;Stadt München;2201.8;779420;354
Frauenheilkunde und Geburtshilfe;2016;Altstadt - Lehel;126.9;10657;84
Frauenheilkunde und Geburtshilfe;2016;Ludwigsvorstadt - Isarvorstadt;917.6;26609;29
Frauenheilkunde und Geburtshilfe;2016;Maxvorstadt;2049.6;26645;13
Frauenheilkunde und Geburtshilfe;2016;Schwabing - West;1920.1;36482;19
Frauenheilkunde und Geburtshilfe;2016;Au - Haidhausen;2651.3;31815;12
Frauenheilkunde und Geburtshilfe;2016;Sendling;10288.5;20577;2
Frauenheilkunde und Geburtshilfe;2016;Sendling - Westpark;7590;30360;4
Frauenheilkunde und Geburtshilfe;2016;SchwanthalerhÃ¶he;7350.5;14701;2
Frauenheilkunde und Geburtshilfe;2016;Neuhausen - Nymphenburg;1227.2;51543;42
Frauenheilkunde und Geburtshilfe;2016;Moosach;4475;26850;6
Frauenheilkunde und Geburtshilfe;2016;Milbertshofen - Am Hart;18420.5;36841;2
Frauenheilkunde und Geburtshilfe;2016;Schwabing - Freimann;1891.6;37832;20
Frauenheilkunde und Geburtshilfe;2016;Bogenhausen;1413.3;45225;32
Frauenheilkunde und Geburtshilfe;2016;Berg am Laim;7687.3;23062;3
Frauenheilkunde und Geburtshilfe;2016;Trudering - Riem;8907.8;35631;4
Frauenheilkunde und Geburtshilfe;2016;Ramersdorf - Perlach;7234.1;57873;8
Frauenheilkunde und Geburtshilfe;2016;Obergiesing - Fasangarten;2725.4;27254;10
Frauenheilkunde und Geburtshilfe;2016;Untergiesing - Harlaching;5529.4;27647;5
Frauenheilkunde und Geburtshilfe;2016;Thalkirchen - Obersendling - Forstenried - FÃ¼rstenried - Solln;4077.1;48925;12
Frauenheilkunde und Geburtshilfe;2016;Hadern;8854;26562;3
Frauenheilkunde und Geburtshilfe;2016;Pasing - Obermenzing;1264.9;37946;30
Frauenheilkunde und Geburtshilfe;2016;Aubing - Lochhausen - Langwied;4563;22815;5
Frauenheilkunde und Geburtshilfe;2016;Allach - Untermenzing;8035;16070;2
Frauenheilkunde und Geburtshilfe;2016;Feldmoching - Hasenbergl;30641;30641;1
Frauenheilkunde und Geburtshilfe;2016;Laim;7214.3;28857;4
Frauenheilkunde und Geburtshilfe;2015;Stadt München;2169;770009;355
Frauenheilkunde und Geburtshilfe;2015;Altstadt - Lehel;126.6;10511;83
Frauenheilkunde und Geburtshilfe;2015;Ludwigsvorstadt - Isarvorstadt;935.2;26186;28
Frauenheilkunde und Geburtshilfe;2015;Maxvorstadt;1904.1;26658;14
Frauenheilkunde und Geburtshilfe;2015;Schwabing - West;2004.6;36083;18
Frauenheilkunde und Geburtshilfe;2015;Au - Haidhausen;2640.2;31682;12
Frauenheilkunde und Geburtshilfe;2015;Sendling;10206;20412;2
Frauenheilkunde und Geburtshilfe;2015;Sendling - Westpark;7459.8;29839;4
Frauenheilkunde und Geburtshilfe;2015;SchwanthalerhÃ¶he;4924.3;14773;3
Frauenheilkunde und Geburtshilfe;2015;Neuhausen - Nymphenburg;1220.5;51260;42
Frauenheilkunde und Geburtshilfe;2015;Moosach;4410;26460;6
Frauenheilkunde und Geburtshilfe;2015;Milbertshofen - Am Hart;18246;36492;2
Frauenheilkunde und Geburtshilfe;2015;Schwabing - Freimann;1818.9;36378;20
Frauenheilkunde und Geburtshilfe;2015;Bogenhausen;1395.7;44663;32
Frauenheilkunde und Geburtshilfe;2015;Berg am Laim;7597;22791;3
Frauenheilkunde und Geburtshilfe;2015;Trudering - Riem;5843.8;35063;6
Frauenheilkunde und Geburtshilfe;2015;Ramersdorf - Perlach;7154.6;57237;8
Frauenheilkunde und Geburtshilfe;2015;Obergiesing - Fasangarten;2724.3;27243;10
Frauenheilkunde und Geburtshilfe;2015;Untergiesing - Harlaching;5492;27460;5
Frauenheilkunde und Geburtshilfe;2015;Thalkirchen - Obersendling - Forstenried - FÃ¼rstenried - Solln;4381.6;48197;11
Frauenheilkunde und Geburtshilfe;2015;Hadern;8809.7;26429;3
Frauenheilkunde und Geburtshilfe;2015;Pasing - Obermenzing;1200.9;37228;31
Frauenheilkunde und Geburtshilfe;2015;Aubing - Lochhausen - Langwied;5537;22148;4
Frauenheilkunde und Geburtshilfe;2015;Allach - Untermenzing;7979.5;15959;2
Frauenheilkunde und Geburtshilfe;2015;Feldmoching - Hasenbergl;30348;30348;1
Frauenheilkunde und Geburtshilfe;2015;Laim;5701.8;28509;5
Frauenheilkunde und Geburtshilfe;2014;Stadt München;2240.4;757251;338
Frauenheilkunde und Geburtshilfe;2014;Altstadt - Lehel;150.5;10386;69
Frauenheilkunde und Geburtshilfe;2014;Ludwigsvorstadt - Isarvorstadt;686.2;25389;37
Frauenheilkunde und Geburtshilfe;2014;Maxvorstadt;1538.7;26157;17
Frauenheilkunde und Geburtshilfe;2014;Schwabing - West;2211.6;35386;16
Frauenheilkunde und Geburtshilfe;2014;Au - Haidhausen;2089.5;31342;15
Frauenheilkunde und Geburtshilfe;2014;Sendling;10093.5;20187;2
Frauenheilkunde und Geburtshilfe;2014;Sendling - Westpark;7239;28956;4
Frauenheilkunde und Geburtshilfe;2014;SchwanthalerhÃ¶he;4877;14631;3
Frauenheilkunde und Geburtshilfe;2014;Neuhausen - Nymphenburg;1238.2;50768;41
Frauenheilkunde und Geburtshilfe;2014;Moosach;4349.7;26098;6
Frauenheilkunde und Geburtshilfe;2014;Milbertshofen - Am Hart;18068.5;36137;2
Frauenheilkunde und Geburtshilfe;2014;Schwabing - Freimann;1969.6;35453;18
Frauenheilkunde und Geburtshilfe;2014;Bogenhausen;1564.3;43799;28
Frauenheilkunde und Geburtshilfe;2014;Berg am Laim;5618.8;22475;4
Frauenheilkunde und Geburtshilfe;2014;Trudering - Riem;5713.3;34280;6
Frauenheilkunde und Geburtshilfe;2014;Ramersdorf - Perlach;14063;56252;4
Frauenheilkunde und Geburtshilfe;2014;Obergiesing - Fasangarten;2953.8;26584;9
Frauenheilkunde und Geburtshilfe;2014;Untergiesing - Harlaching;5442.4;27212;5
Frauenheilkunde und Geburtshilfe;2014;Thalkirchen - Obersendling - Forstenried - FÃ¼rstenried - Solln;4722.5;47225;10
Frauenheilkunde und Geburtshilfe;2014;Hadern;8763;26289;3
Frauenheilkunde und Geburtshilfe;2014;Pasing - Obermenzing;1223.1;36692;30
Frauenheilkunde und Geburtshilfe;2014;Aubing - Lochhausen - Langwied;21761;21761;1
Frauenheilkunde und Geburtshilfe;2014;Allach - Untermenzing;15755;15755;1
Frauenheilkunde und Geburtshilfe;2014;Feldmoching - Hasenbergl;29767;29767;1
Frauenheilkunde und Geburtshilfe;2014;Laim;4711.5;28269;6
Frauenheilkunde und Geburtshilfe;2013;Stadt München;2174.5;745857;343
Frauenheilkunde und Geburtshilfe;2013;Altstadt - Lehel;118.4;10184;86
Frauenheilkunde und Geburtshilfe;2013;Ludwigsvorstadt - Isarvorstadt;911.3;24606;27
Frauenheilkunde und Geburtshilfe;2013;Maxvorstadt;1717.7;25765;15
Frauenheilkunde und Geburtshilfe;2013;Schwabing - West;2322.5;34838;15
Frauenheilkunde und Geburtshilfe;2013;Au - Haidhausen;2375;30875;13
Frauenheilkunde und Geburtshilfe;2013;Sendling;10003.5;20007;2
Frauenheilkunde und Geburtshilfe;2013;Sendling - Westpark;7107.3;28429;4
Frauenheilkunde und Geburtshilfe;2013;SchwanthalerhÃ¶he;4799.7;14399;3
Frauenheilkunde und Geburtshilfe;2013;Neuhausen - Nymphenburg;1392.2;50120;36
Frauenheilkunde und Geburtshilfe;2013;Moosach;4283.5;25701;6
Frauenheilkunde und Geburtshilfe;2013;Milbertshofen - Am Hart;17860;35720;2
Frauenheilkunde und Geburtshilfe;2013;Schwabing - Freimann;1575.8;34667;22
Frauenheilkunde und Geburtshilfe;2013;Bogenhausen;1482.5;42992;29
Frauenheilkunde und Geburtshilfe;2013;Berg am Laim;5521.8;22087;4
Frauenheilkunde und Geburtshilfe;2013;Trudering - Riem;5627.8;33767;6
Frauenheilkunde und Geburtshilfe;2013;Ramersdorf - Perlach;6927.1;55417;8
Frauenheilkunde und Geburtshilfe;2013;Obergiesing - Fasangarten;2887.9;25991;9
Frauenheilkunde und Geburtshilfe;2013;Untergiesing - Harlaching;6751.5;27006;4
Frauenheilkunde und Geburtshilfe;2013;Thalkirchen - Obersendling - Forstenried - FÃ¼rstenried - Solln;4659.8;46598;10
Frauenheilkunde und Geburtshilfe;2013;Hadern;12943;25886;2
Frauenheilkunde und Geburtshilfe;2013;Pasing - Obermenzing;1395.5;36282;26
Frauenheilkunde und Geburtshilfe;2013;Aubing - Lochhausen - Langwied;7181;21543;3
Frauenheilkunde und Geburtshilfe;2013;Allach - Untermenzing;15493;15493;1
Frauenheilkunde und Geburtshilfe;2013;Feldmoching - Hasenbergl;29487;29487;1
Frauenheilkunde und Geburtshilfe;2013;Laim;3110.8;27997;9
Frauenheilkunde und Geburtshilfe;2012;Stadt München;2172.2;734211;338
Frauenheilkunde und Geburtshilfe;2012;Altstadt - Lehel;130.6;10054;77
Frauenheilkunde und Geburtshilfe;2012;Ludwigsvorstadt - Isarvorstadt;891.7;24076;27
Frauenheilkunde und Geburtshilfe;2012;Maxvorstadt;1698.7;25480;15
Frauenheilkunde und Geburtshilfe;2012;Schwabing - West;2140.7;34251;16
Frauenheilkunde und Geburtshilfe;2012;Au - Haidhausen;2345.3;30489;13
Frauenheilkunde und Geburtshilfe;2012;Sendling;9904;19808;2
Frauenheilkunde und Geburtshilfe;2012;Sendling - Westpark;3115.1;28036;9
Frauenheilkunde und Geburtshilfe;2012;SchwanthalerhÃ¶he;4764;14292;3
Frauenheilkunde und Geburtshilfe;2012;Neuhausen - Nymphenburg;1539.4;49261;32
Frauenheilkunde und Geburtshilfe;2012;Moosach;5041.4;25207;5
Frauenheilkunde und Geburtshilfe;2012;Milbertshofen - Am Hart;17728.5;35457;2
Frauenheilkunde und Geburtshilfe;2012;Schwabing - Freimann;1554.1;34191;22
Frauenheilkunde und Geburtshilfe;2012;Bogenhausen;1455.3;42205;29
Frauenheilkunde und Geburtshilfe;2012;Berg am Laim;5431.5;21726;4
Frauenheilkunde und Geburtshilfe;2012;Trudering - Riem;6634.6;33173;5
Frauenheilkunde und Geburtshilfe;2012;Ramersdorf - Perlach;6868.9;54951;8
Frauenheilkunde und Geburtshilfe;2012;Obergiesing - Fasangarten;2841.9;25577;9
Frauenheilkunde und Geburtshilfe;2012;Untergiesing - Harlaching;6656.5;26626;4
Frauenheilkunde und Geburtshilfe;2012;Thalkirchen - Obersendling - Forstenried - FÃ¼rstenried - Solln;4525;45250;10
Frauenheilkunde und Geburtshilfe;2012;Hadern;12752;25504;2
Frauenheilkunde und Geburtshilfe;2012;Pasing - Obermenzing;1184.7;35541;30
Frauenheilkunde und Geburtshilfe;2012;Aubing - Lochhausen - Langwied;6991;20973;3
Frauenheilkunde und Geburtshilfe;2012;Allach - Untermenzing;15359;15359;1
Frauenheilkunde und Geburtshilfe;2012;Feldmoching - Hasenbergl;29048;29048;1
Frauenheilkunde und Geburtshilfe;2012;Laim;3075.1;27676;9
Frauenheilkunde und Geburtshilfe;2011;Stadt München;2167.2;721664;333
Frauenheilkunde und Geburtshilfe;2011;Altstadt - Lehel;132.2;9916;75
Frauenheilkunde und Geburtshilfe;2011;Ludwigsvorstadt - Isarvorstadt;871.8;23538;27
Frauenheilkunde und Geburtshilfe;2011;Maxvorstadt;1554;24864;16
Frauenheilkunde und Geburtshilfe;2011;Schwabing - West;2104.1;33665;16
Frauenheilkunde und Geburtshilfe;2011;Au - Haidhausen;1981.7;29725;15
Frauenheilkunde und Geburtshilfe;2011;Sendling;9773.5;19547;2
Frauenheilkunde und Geburtshilfe;2011;Sendling - Westpark;2761.3;27613;10
Frauenheilkunde und Geburtshilfe;2011;SchwanthalerhÃ¶he;4647.7;13943;3
Frauenheilkunde und Geburtshilfe;2011;Neuhausen - Nymphenburg;1509.8;48313;32
Frauenheilkunde und Geburtshilfe;2011;Moosach;3550.6;24854;7
Frauenheilkunde und Geburtshilfe;2011;Milbertshofen - Am Hart;17362;34724;2
Frauenheilkunde und Geburtshilfe;2011;Schwabing - Freimann;1520.7;33455;22
Frauenheilkunde und Geburtshilfe;2011;Bogenhausen;1431.5;41512;29
Frauenheilkunde und Geburtshilfe;2011;Berg am Laim;5321;21284;4
Frauenheilkunde und Geburtshilfe;2011;Trudering - Riem;8155.5;32622;4
Frauenheilkunde und Geburtshilfe;2011;Ramersdorf - Perlach;6810.5;54484;8
Frauenheilkunde und Geburtshilfe;2011;Obergiesing - Fasangarten;3158.6;25269;8
Frauenheilkunde und Geburtshilfe;2011;Untergiesing - Harlaching;6572;26288;4
Frauenheilkunde und Geburtshilfe;2011;Thalkirchen - Obersendling - Forstenried - FÃ¼rstenried - Solln;4446.1;44461;10
Frauenheilkunde und Geburtshilfe;2011;Hadern;12634.5;25269;2
Frauenheilkunde und Geburtshilfe;2011;Pasing - Obermenzing;1452.5;34860;24
Frauenheilkunde und Geburtshilfe;2011;Aubing - Lochhausen - Langwied;6812;20436;3
Frauenheilkunde und Geburtshilfe;2011;Allach - Untermenzing;7491;14982;2
Frauenheilkunde und Geburtshilfe;2011;Feldmoching - Hasenbergl;28614;28614;1
Frauenheilkunde und Geburtshilfe;2011;Laim;3918;27426;7
Frauenheilkunde und Geburtshilfe;2010;Stadt München;2158.6;710192;329
Frauenheilkunde und Geburtshilfe;2010;Altstadt - Lehel;140.8;9715;69
Frauenheilkunde und Geburtshilfe;2010;Ludwigsvorstadt - Isarvorstadt;827.1;23160;28
Frauenheilkunde und Geburtshilfe;2010;Maxvorstadt;1640.7;24610;15
Frauenheilkunde und Geburtshilfe;2010;Schwabing - West;2224;33360;15
Frauenheilkunde und Geburtshilfe;2010;Au - Haidhausen;1954.4;29316;15
Frauenheilkunde und Geburtshilfe;2010;Sendling;9702;19404;2
Frauenheilkunde und Geburtshilfe;2010;Sendling - Westpark;3042.4;27382;9
Frauenheilkunde und Geburtshilfe;2010;SchwanthalerhÃ¶he;4558;13674;3
Frauenheilkunde und Geburtshilfe;2010;Neuhausen - Nymphenburg;1516.1;47000;31
Frauenheilkunde und Geburtshilfe;2010;Moosach;3507.9;24555;7
Frauenheilkunde und Geburtshilfe;2010;Milbertshofen - Am Hart;17103.5;34207;2
Frauenheilkunde und Geburtshilfe;2010;Schwabing - Freimann;1494.1;32870;22
Frauenheilkunde und Geburtshilfe;2010;Bogenhausen;1460.5;40894;28
Frauenheilkunde und Geburtshilfe;2010;Berg am Laim;4186.2;20931;5
Frauenheilkunde und Geburtshilfe;2010;Trudering - Riem;6330.4;31652;5
Frauenheilkunde und Geburtshilfe;2010;Ramersdorf - Perlach;6762.4;54099;8
Frauenheilkunde und Geburtshilfe;2010;Obergiesing - Fasangarten;3083.1;24665;8
Frauenheilkunde und Geburtshilfe;2010;Untergiesing - Harlaching;6454;25816;4
Frauenheilkunde und Geburtshilfe;2010;Thalkirchen - Obersendling - Forstenried - FÃ¼rstenried - Solln;4367.3;43673;10
Frauenheilkunde und Geburtshilfe;2010;Hadern;8347;25041;3
Frauenheilkunde und Geburtshilfe;2010;Pasing - Obermenzing;1363.2;34081;25
Frauenheilkunde und Geburtshilfe;2010;Aubing - Lochhausen - Langwied;6662.7;19988;3
Frauenheilkunde und Geburtshilfe;2010;Allach - Untermenzing;3678.5;14714;4
Frauenheilkunde und Geburtshilfe;2010;Feldmoching - Hasenbergl;14148;28296;2
Frauenheilkunde und Geburtshilfe;2010;Laim;4514.8;27089;6
Innere Medizin;2017;Stadt München;2337;1526056;653
Innere Medizin;2017;Altstadt - Lehel;157.3;20926;133
Innere Medizin;2017;Ludwigsvorstadt - Isarvorstadt;1395.5;51632;37
Innere Medizin;2017;Maxvorstadt;1221.7;51311;42
Innere Medizin;2017;Schwabing - West;3250.7;68265;21
Innere Medizin;2017;Au - Haidhausen;1965.7;60937;31
Innere Medizin;2017;Sendling;3129.4;40682;13
Innere Medizin;2017;Sendling - Westpark;4241.9;59386;14
Innere Medizin;2017;SchwanthalerhÃ¶he;4219.3;29535;7
Innere Medizin;2017;Neuhausen - Nymphenburg;1970.4;98520;50
Innere Medizin;2017;Moosach;7666;53662;7
Innere Medizin;2017;Milbertshofen - Am Hart;9341.4;74731;8
Innere Medizin;2017;Schwabing - Freimann;1862;76341;41
Innere Medizin;2017;Bogenhausen;1910.5;85971;45
Innere Medizin;2017;Berg am Laim;7597;45582;6
Innere Medizin;2017;Trudering - Riem;6546;72006;11
Innere Medizin;2017;Ramersdorf - Perlach;4579.1;114478;25
Innere Medizin;2017;Obergiesing - Fasangarten;3172.8;53937;17
Innere Medizin;2017;Untergiesing - Harlaching;2922.2;52600;18
Innere Medizin;2017;Thalkirchen - Obersendling - Forstenried - FÃ¼rstenried - Solln;3082.4;95554;31
Innere Medizin;2017;Hadern;4511.5;49626;11
Innere Medizin;2017;Pasing - Obermenzing;1900;74098;39
Innere Medizin;2017;Aubing - Lochhausen - Langwied;3865.4;46385;12
Innere Medizin;2017;Allach - Untermenzing;3267.7;32677;10
Innere Medizin;2017;Feldmoching - Hasenbergl;15233.3;60933;4
Innere Medizin;2017;Laim;2814.1;56281;20
Innere Medizin;2016;Stadt München;2445.1;1542860;631
Innere Medizin;2016;Altstadt - Lehel;171.6;21454;125
Innere Medizin;2016;Ludwigsvorstadt - Isarvorstadt;1372.9;54915;40
Innere Medizin;2016;Maxvorstadt;1336.1;53443;40
Innere Medizin;2016;Schwabing - West;3154.9;69407;22
Innere Medizin;2016;Au - Haidhausen;2000;61999;31
Innere Medizin;2016;Sendling;3171.5;41230;13
Innere Medizin;2016;Sendling - Westpark;4551.9;59174;13
Innere Medizin;2016;SchwanthalerhÃ¶he;7570.5;30282;4
Innere Medizin;2016;Neuhausen - Nymphenburg;2163.9;99538;46
Innere Medizin;2016;Moosach;7694.1;53859;7
Innere Medizin;2016;Milbertshofen - Am Hart;9531.9;76255;8
Innere Medizin;2016;Schwabing - Freimann;1837.8;77188;42
Innere Medizin;2016;Bogenhausen;2075.3;87164;42
Innere Medizin;2016;Berg am Laim;9131;45655;5
Innere Medizin;2016;Trudering - Riem;6495.3;71448;11
Innere Medizin;2016;Ramersdorf - Perlach;4555.9;113898;25
Innere Medizin;2016;Obergiesing - Fasangarten;3652.3;54784;15
Innere Medizin;2016;Untergiesing - Harlaching;2573.8;54050;21
Innere Medizin;2016;Thalkirchen - Obersendling - Forstenried - FÃ¼rstenried - Solln;3206.7;96200;30
Innere Medizin;2016;Hadern;5618.6;50567;9
Innere Medizin;2016;Pasing - Obermenzing;1908.5;74432;39
Innere Medizin;2016;Aubing - Lochhausen - Langwied;3797.6;45571;12
Innere Medizin;2016;Allach - Untermenzing;3583.1;32248;9
Innere Medizin;2016;Feldmoching - Hasenbergl;15441;61764;4
Innere Medizin;2016;Laim;3129.7;56335;18
Innere Medizin;2015;Stadt München;2470.3;1521678;616
Innere Medizin;2015;Altstadt - Lehel;185.3;21122;114
Innere Medizin;2015;Ludwigsvorstadt - Isarvorstadt;1286.9;54049;42
Innere Medizin;2015;Maxvorstadt;1452.5;53743;37
Innere Medizin;2015;Schwabing - West;2979.4;68527;23
Innere Medizin;2015;Au - Haidhausen;2049.8;61495;30
Innere Medizin;2015;Sendling;3406.6;40879;12
Innere Medizin;2015;Sendling - Westpark;4171.3;58398;14
Innere Medizin;2015;SchwanthalerhÃ¶he;7595.3;30381;4
Innere Medizin;2015;Neuhausen - Nymphenburg;2056.3;98702;48
Innere Medizin;2015;Moosach;8876.8;53261;6
Innere Medizin;2015;Milbertshofen - Am Hart;12581.3;75488;6
Innere Medizin;2015;Schwabing - Freimann;1744.7;75020;43
Innere Medizin;2015;Bogenhausen;2096.3;85947;41
Innere Medizin;2015;Berg am Laim;11258.8;45035;4
Innere Medizin;2015;Trudering - Riem;6348.2;69830;11
Innere Medizin;2015;Ramersdorf - Perlach;4161.9;112371;27
Innere Medizin;2015;Obergiesing - Fasangarten;3400.1;54402;16
Innere Medizin;2015;Untergiesing - Harlaching;2809.3;53377;19
Innere Medizin;2015;Thalkirchen - Obersendling - Forstenried - FÃ¼rstenried - Solln;3466.7;93602;27
Innere Medizin;2015;Hadern;5584.1;50257;9
Innere Medizin;2015;Pasing - Obermenzing;1880;73320;39
Innere Medizin;2015;Aubing - Lochhausen - Langwied;3640.2;43682;12
Innere Medizin;2015;Allach - Untermenzing;3542.4;31882;9
Innere Medizin;2015;Feldmoching - Hasenbergl;20511.3;61534;3
Innere Medizin;2015;Laim;2768.7;55374;20
Innere Medizin;2014;Stadt München;2548.2;1490681;585
Innere Medizin;2014;Altstadt - Lehel;216.7;20806;96
Innere Medizin;2014;Ludwigsvorstadt - Isarvorstadt;778.8;52177;67
Innere Medizin;2014;Maxvorstadt;2190.6;52575;24
Innere Medizin;2014;Schwabing - West;3049.7;67094;22
Innere Medizin;2014;Au - Haidhausen;2430.2;60756;25
Innere Medizin;2014;Sendling;4042.2;40422;10
Innere Medizin;2014;Sendling - Westpark;3765.7;56485;15
Innere Medizin;2014;SchwanthalerhÃ¶he;7520.8;30083;4
Innere Medizin;2014;Neuhausen - Nymphenburg;2120;97521;46
Innere Medizin;2014;Moosach;8776.2;52657;6
Innere Medizin;2014;Milbertshofen - Am Hart;9333.4;74667;8
Innere Medizin;2014;Schwabing - Freimann;2111.8;71802;34
Innere Medizin;2014;Bogenhausen;2330.6;83900;36
Innere Medizin;2014;Berg am Laim;14674;44022;3
Innere Medizin;2014;Trudering - Riem;6187.6;68063;11
Innere Medizin;2014;Ramersdorf - Perlach;4077.7;110099;27
Innere Medizin;2014;Obergiesing - Fasangarten;3516.2;52743;15
Innere Medizin;2014;Untergiesing - Harlaching;2622.6;52452;20
Innere Medizin;2014;Thalkirchen - Obersendling - Forstenried - FÃ¼rstenried - Solln;3264.7;91412;28
Innere Medizin;2014;Hadern;6234.3;49874;8
Innere Medizin;2014;Pasing - Obermenzing;1996.7;71880;36
Innere Medizin;2014;Aubing - Lochhausen - Langwied;3571.6;42859;12
Innere Medizin;2014;Allach - Untermenzing;3483.7;31353;9
Innere Medizin;2014;Feldmoching - Hasenbergl;20087.3;60262;3
Innere Medizin;2014;Laim;2735.7;54714;20
Innere Medizin;2013;Stadt München;2445.7;1464962;599
Innere Medizin;2013;Altstadt - Lehel;176.1;20422;116
Innere Medizin;2013;Ludwigsvorstadt - Isarvorstadt;1332.1;50620;38
Innere Medizin;2013;Maxvorstadt;1395.7;51642;37
Innere Medizin;2013;Schwabing - West;3468;65892;19
Innere Medizin;2013;Au - Haidhausen;2298.2;59752;26
Innere Medizin;2013;Sendling;3329.4;39953;12
Innere Medizin;2013;Sendling - Westpark;4261.9;55405;13
Innere Medizin;2013;SchwanthalerhÃ¶he;5932.6;29663;5
Innere Medizin;2013;Neuhausen - Nymphenburg;2131.2;95906;45
Innere Medizin;2013;Moosach;8589.5;51537;6
Innere Medizin;2013;Milbertshofen - Am Hart;14723.4;73617;5
Innere Medizin;2013;Schwabing - Freimann;1659;69676;42
Innere Medizin;2013;Bogenhausen;2053.5;82138;40
Innere Medizin;2013;Berg am Laim;14356;43068;3
Innere Medizin;2013;Trudering - Riem;6091.7;67009;11
Innere Medizin;2013;Ramersdorf - Perlach;4009;108244;27
Innere Medizin;2013;Obergiesing - Fasangarten;3433.3;51499;15
Innere Medizin;2013;Untergiesing - Harlaching;2596.9;51937;20
Innere Medizin;2013;Thalkirchen - Obersendling - Forstenried - FÃ¼rstenried - Solln;3026.3;90790;30
Innere Medizin;2013;Hadern;6992.1;48945;7
Innere Medizin;2013;Pasing - Obermenzing;1913.1;70783;37
Innere Medizin;2013;Aubing - Lochhausen - Langwied;3525.4;42305;12
Innere Medizin;2013;Allach - Untermenzing;3415.2;30737;9
Innere Medizin;2013;Feldmoching - Hasenbergl;19797;59391;3
Innere Medizin;2013;Laim;2572.9;54030;21
Innere Medizin;2012;Stadt München;2521;1439474;571
Innere Medizin;2012;Altstadt - Lehel;185.6;20048;108
Innere Medizin;2012;Ludwigsvorstadt - Isarvorstadt;1551.8;49657;32
Innere Medizin;2012;Maxvorstadt;1413.3;50877;36
Innere Medizin;2012;Schwabing - West;3598.3;64770;18
Innere Medizin;2012;Au - Haidhausen;2355.2;58881;25
Innere Medizin;2012;Sendling;3297.3;39567;12
Innere Medizin;2012;Sendling - Westpark;3636.8;54552;15
Innere Medizin;2012;SchwanthalerhÃ¶he;5880.4;29402;5
Innere Medizin;2012;Neuhausen - Nymphenburg;1923.6;94257;49
Innere Medizin;2012;Moosach;10050.6;50253;5
Innere Medizin;2012;Milbertshofen - Am Hart;12084.3;72506;6
Innere Medizin;2012;Schwabing - Freimann;1713.3;68530;40
Innere Medizin;2012;Bogenhausen;2126.7;80816;38
Innere Medizin;2012;Berg am Laim;14104.3;42313;3
Innere Medizin;2012;Trudering - Riem;6586.9;65869;10
Innere Medizin;2012;Ramersdorf - Perlach;4286.6;107164;25
Innere Medizin;2012;Obergiesing - Fasangarten;3200.1;51201;16
Innere Medizin;2012;Untergiesing - Harlaching;3010.6;51180;17
Innere Medizin;2012;Thalkirchen - Obersendling - Forstenried - FÃ¼rstenried - Solln;3356.6;87271;26
Innere Medizin;2012;Hadern;7991.5;47949;6
Innere Medizin;2012;Pasing - Obermenzing;1979.9;69295;35
Innere Medizin;2012;Aubing - Lochhausen - Langwied;3162.8;41116;13
Innere Medizin;2012;Allach - Untermenzing;3799.1;30393;8
Innere Medizin;2012;Feldmoching - Hasenbergl;19415;58245;3
Innere Medizin;2012;Laim;2668;53359;20
Innere Medizin;2011;Stadt München;2488.1;1410741;567
Innere Medizin;2011;Altstadt - Lehel;182.5;19707;108
Innere Medizin;2011;Ludwigsvorstadt - Isarvorstadt;1555.8;48231;31
Innere Medizin;2011;Maxvorstadt;1374.9;49498;36
Innere Medizin;2011;Schwabing - West;3743.8;63644;17
Innere Medizin;2011;Au - Haidhausen;2203.7;57297;26
Innere Medizin;2011;Sendling;3545.6;39002;11
Innere Medizin;2011;Sendling - Westpark;4097.8;53271;13
Innere Medizin;2011;SchwanthalerhÃ¶he;5735.6;28678;5
Innere Medizin;2011;Neuhausen - Nymphenburg;2047.5;92139;45
Innere Medizin;2011;Moosach;7054.9;49384;7
Innere Medizin;2011;Milbertshofen - Am Hart;14094;70470;5
Innere Medizin;2011;Schwabing - Freimann;1627;66706;41
Innere Medizin;2011;Bogenhausen;2083.6;79175;38
Innere Medizin;2011;Berg am Laim;13780.7;41342;3
Innere Medizin;2011;Trudering - Riem;6498.3;64983;10
Innere Medizin;2011;Ramersdorf - Perlach;4412.5;105900;24
Innere Medizin;2011;Obergiesing - Fasangarten;3377.1;50656;15
Innere Medizin;2011;Untergiesing - Harlaching;2967.9;50455;17
Innere Medizin;2011;Thalkirchen - Obersendling - Forstenried - FÃ¼rstenried - Solln;3165.5;85468;27
Innere Medizin;2011;Hadern;7909.8;47459;6
Innere Medizin;2011;Pasing - Obermenzing;1786.3;67878;38
Innere Medizin;2011;Aubing - Lochhausen - Langwied;3315.8;39789;12
Innere Medizin;2011;Allach - Untermenzing;3711.6;29693;8
Innere Medizin;2011;Feldmoching - Hasenbergl;14295.8;57183;4
Innere Medizin;2011;Laim;2636.7;52733;20
Innere Medizin;2010;Stadt München;2495.1;1382273;554
Innere Medizin;2010;Altstadt - Lehel;186.5;19207;103
Innere Medizin;2010;Ludwigsvorstadt - Isarvorstadt;1527.7;47357;31
Innere Medizin;2010;Maxvorstadt;1357.6;48875;36
Innere Medizin;2010;Schwabing - West;3697.4;62856;17
Innere Medizin;2010;Au - Haidhausen;1877.4;56322;30
Innere Medizin;2010;Sendling;3856.7;38567;10
Innere Medizin;2010;Sendling - Westpark;4374.6;52495;12
Innere Medizin;2010;SchwanthalerhÃ¶he;5600.8;28004;5
Innere Medizin;2010;Neuhausen - Nymphenburg;2289.4;89286;39
Innere Medizin;2010;Moosach;8070.2;48421;6
Innere Medizin;2010;Milbertshofen - Am Hart;11495;68970;6
Innere Medizin;2010;Schwabing - Freimann;1629;65158;40
Innere Medizin;2010;Bogenhausen;1988.3;77542;39
Innere Medizin;2010;Berg am Laim;13516.7;40550;3
Innere Medizin;2010;Trudering - Riem;5705.1;62756;11
Innere Medizin;2010;Ramersdorf - Perlach;4987.5;104737;21
Innere Medizin;2010;Obergiesing - Fasangarten;3268.7;49030;15
Innere Medizin;2010;Untergiesing - Harlaching;2911.9;49502;17
Innere Medizin;2010;Thalkirchen - Obersendling - Forstenried - FÃ¼rstenried - Solln;3214.8;83584;26
Innere Medizin;2010;Hadern;6693;46851;7
Innere Medizin;2010;Pasing - Obermenzing;1948.4;66244;34
Innere Medizin;2010;Aubing - Lochhausen - Langwied;3238.6;38863;12
Innere Medizin;2010;Allach - Untermenzing;2651;29161;11
Innere Medizin;2010;Feldmoching - Hasenbergl;14032.5;56130;4
Innere Medizin;2010;Laim;2726.6;51805;19
Kinderheilkunde;2017;Stadt München;1554.2;230018;148
Kinderheilkunde;2017;Altstadt - Lehel;489.8;2449;5
Kinderheilkunde;2017;Ludwigsvorstadt - Isarvorstadt;6138;6138;1
Kinderheilkunde;2017;Maxvorstadt;4992;4992;1
Kinderheilkunde;2017;Schwabing - West;1465.8;8795;6
Kinderheilkunde;2017;Au - Haidhausen;1727.6;8638;5
Kinderheilkunde;2017;Sendling;586.6;5279;9
Kinderheilkunde;2017;Sendling - Westpark;2930.7;8792;3
Kinderheilkunde;2017;SchwanthalerhÃ¶he;2081;4162;2
Kinderheilkunde;2017;Neuhausen - Nymphenburg;1075.8;13985;13
Kinderheilkunde;2017;Moosach;1383;8298;6
Kinderheilkunde;2017;Milbertshofen - Am Hart;11261;11261;1
Kinderheilkunde;2017;Schwabing - Freimann;746.3;11194;15
Kinderheilkunde;2017;Bogenhausen;1897.4;13282;7
Kinderheilkunde;2017;Berg am Laim;1796.5;7186;4
Kinderheilkunde;2017;Trudering - Riem;3731.5;14926;4
Kinderheilkunde;2017;Ramersdorf - Perlach;1741.3;19154;11
Kinderheilkunde;2017;Obergiesing - Fasangarten;762.2;7622;10
Kinderheilkunde;2017;Untergiesing - Harlaching;1225.8;7355;6
Kinderheilkunde;2017;Thalkirchen - Obersendling - Forstenried - FÃ¼rstenried - Solln;963.6;14454;15
Kinderheilkunde;2017;Hadern;1239.5;7437;6
Kinderheilkunde;2017;Pasing - Obermenzing;1794.4;12561;7
Kinderheilkunde;2017;Aubing - Lochhausen - Langwied;2054.8;8219;4
Kinderheilkunde;2017;Allach - Untermenzing;5706;5706;1
Kinderheilkunde;2017;Feldmoching - Hasenbergl;5471;10942;2
Kinderheilkunde;2017;Laim;1797.8;7191;4
Kinderheilkunde;2016;Stadt München;1591.6;227597;143
Kinderheilkunde;2016;Altstadt - Lehel;483.8;2419;5
Kinderheilkunde;2016;Ludwigsvorstadt - Isarvorstadt;6330;6330;1
Kinderheilkunde;2016;Maxvorstadt;5031;5031;1
Kinderheilkunde;2016;Schwabing - West;2191.3;8765;4
Kinderheilkunde;2016;Au - Haidhausen;1717.8;8589;5
Kinderheilkunde;2016;Sendling;587.8;5290;9
Kinderheilkunde;2016;Sendling - Westpark;2119.3;8477;4
Kinderheilkunde;2016;SchwanthalerhÃ¶he;2095.5;4191;2
Kinderheilkunde;2016;Neuhausen - Nymphenburg;1259.5;13854;11
Kinderheilkunde;2016;Moosach;1172.7;8209;7
Kinderheilkunde;2016;Milbertshofen - Am Hart;11196;11196;1
Kinderheilkunde;2016;Schwabing - Freimann;722.6;10839;15
Kinderheilkunde;2016;Bogenhausen;1890.3;13232;7
Kinderheilkunde;2016;Berg am Laim;2332.3;6997;3
Kinderheilkunde;2016;Trudering - Riem;3639.5;14558;4
Kinderheilkunde;2016;Ramersdorf - Perlach;1699.6;18695;11
Kinderheilkunde;2016;Obergiesing - Fasangarten;755.9;7559;10
Kinderheilkunde;2016;Untergiesing - Harlaching;1231.5;7389;6
Kinderheilkunde;2016;Thalkirchen - Obersendling - Forstenried - FÃ¼rstenried - Solln;953.8;14307;15
Kinderheilkunde;2016;Hadern;1514.4;7572;5
Kinderheilkunde;2016;Pasing - Obermenzing;1793.9;12557;7
Kinderheilkunde;2016;Aubing - Lochhausen - Langwied;1982.8;7931;4
Kinderheilkunde;2016;Allach - Untermenzing;5669;5669;1
Kinderheilkunde;2016;Feldmoching - Hasenbergl;5443.5;10887;2
Kinderheilkunde;2016;Laim;2351.3;7054;3
Kinderheilkunde;2015;Stadt München;1552.8;223598;144
Kinderheilkunde;2015;Altstadt - Lehel;464.4;2322;5
Kinderheilkunde;2015;Ludwigsvorstadt - Isarvorstadt;6152;6152;1
Kinderheilkunde;2015;Maxvorstadt;5053;5053;1
Kinderheilkunde;2015;Schwabing - West;2155.8;8623;4
Kinderheilkunde;2015;Au - Haidhausen;1678.8;8394;5
Kinderheilkunde;2015;Sendling;659.4;5275;8
Kinderheilkunde;2015;Sendling - Westpark;2027;8108;4
Kinderheilkunde;2015;SchwanthalerhÃ¶he;2126;4252;2
Kinderheilkunde;2015;Neuhausen - Nymphenburg;1140.6;13687;12
Kinderheilkunde;2015;Moosach;1133;7931;7
Kinderheilkunde;2015;Milbertshofen - Am Hart;11101;11101;1
Kinderheilkunde;2015;Schwabing - Freimann;881.4;11458;13
Kinderheilkunde;2015;Bogenhausen;1835.4;12848;7
Kinderheilkunde;2015;Berg am Laim;2248.3;6745;3
Kinderheilkunde;2015;Trudering - Riem;3595.8;14383;4
Kinderheilkunde;2015;Ramersdorf - Perlach;1669;18359;11
Kinderheilkunde;2015;Obergiesing - Fasangarten;740.7;7407;10
Kinderheilkunde;2015;Untergiesing - Harlaching;1205.5;7233;6
Kinderheilkunde;2015;Thalkirchen - Obersendling - Forstenried - FÃ¼rstenried - Solln;917.9;13769;15
Kinderheilkunde;2015;Hadern;1264.7;7588;6
Kinderheilkunde;2015;Pasing - Obermenzing;1527.5;12220;8
Kinderheilkunde;2015;Aubing - Lochhausen - Langwied;1886.8;7547;4
Kinderheilkunde;2015;Allach - Untermenzing;5558;5558;1
Kinderheilkunde;2015;Feldmoching - Hasenbergl;5394.5;10789;2
Kinderheilkunde;2015;Laim;1699;6796;4
Kinderheilkunde;2014;Stadt München;1523;216263;142
Kinderheilkunde;2014;Altstadt - Lehel;756;2268;3
Kinderheilkunde;2014;Ludwigsvorstadt - Isarvorstadt;1941.7;5825;3
Kinderheilkunde;2014;Maxvorstadt;4728;4728;1
Kinderheilkunde;2014;Schwabing - West;2029.8;8119;4
Kinderheilkunde;2014;Au - Haidhausen;1372.3;8234;6
Kinderheilkunde;2014;Sendling;861.7;5170;6
Kinderheilkunde;2014;Sendling - Westpark;1925.8;7703;4
Kinderheilkunde;2014;SchwanthalerhÃ¶he;2111;4222;2
Kinderheilkunde;2014;Neuhausen - Nymphenburg;1330.1;13301;10
Kinderheilkunde;2014;Moosach;1106.9;7748;7
Kinderheilkunde;2014;Milbertshofen - Am Hart;2215.6;11078;5
Kinderheilkunde;2014;Schwabing - Freimann;898.4;9882;11
Kinderheilkunde;2014;Bogenhausen;2068;12408;6
Kinderheilkunde;2014;Berg am Laim;2188.7;6566;3
Kinderheilkunde;2014;Trudering - Riem;3544;14176;4
Kinderheilkunde;2014;Ramersdorf - Perlach;1499.3;17991;12
Kinderheilkunde;2014;Obergiesing - Fasangarten;783.6;7052;9
Kinderheilkunde;2014;Untergiesing - Harlaching;1186.8;7121;6
Kinderheilkunde;2014;Thalkirchen - Obersendling - Forstenried - FÃ¼rstenried - Solln;876.7;13151;15
Kinderheilkunde;2014;Hadern;1521.4;7607;5
Kinderheilkunde;2014;Pasing - Obermenzing;1495.1;11961;8
Kinderheilkunde;2014;Aubing - Lochhausen - Langwied;1830.3;7321;4
Kinderheilkunde;2014;Allach - Untermenzing;5478;5478;1
Kinderheilkunde;2014;Feldmoching - Hasenbergl;3483;10449;3
Kinderheilkunde;2014;Laim;1675.8;6703;4
Kinderheilkunde;2013;Stadt München;1486.4;211063;142
Kinderheilkunde;2013;Altstadt - Lehel;446.2;2231;5
Kinderheilkunde;2013;Ludwigsvorstadt - Isarvorstadt;5460;5460;1
Kinderheilkunde;2013;Maxvorstadt;4573;4573;1
Kinderheilkunde;2013;Schwabing - West;1930.3;7721;4
Kinderheilkunde;2013;Au - Haidhausen;1604.8;8024;5
Kinderheilkunde;2013;Sendling;857.5;5145;6
Kinderheilkunde;2013;Sendling - Westpark;1866;7464;4
Kinderheilkunde;2013;SchwanthalerhÃ¶he;2052.5;4105;2
Kinderheilkunde;2013;Neuhausen - Nymphenburg;1176.4;12940;11
Kinderheilkunde;2013;Moosach;1092.6;7648;7
Kinderheilkunde;2013;Milbertshofen - Am Hart;5466;10932;2
Kinderheilkunde;2013;Schwabing - Freimann;603.9;9058;15
Kinderheilkunde;2013;Bogenhausen;1497.8;11982;8
Kinderheilkunde;2013;Berg am Laim;2099;6297;3
Kinderheilkunde;2013;Trudering - Riem;2808.6;14043;5
Kinderheilkunde;2013;Ramersdorf - Perlach;1762.5;17625;10
Kinderheilkunde;2013;Obergiesing - Fasangarten;758.6;6827;9
Kinderheilkunde;2013;Untergiesing - Harlaching;1153.8;6923;6
Kinderheilkunde;2013;Thalkirchen - Obersendling - Forstenried - FÃ¼rstenried - Solln;1006.5;13085;13
Kinderheilkunde;2013;Hadern;1498.8;7494;5
Kinderheilkunde;2013;Pasing - Obermenzing;1477.8;11822;8
Kinderheilkunde;2013;Aubing - Lochhausen - Langwied;1825.5;7302;4
Kinderheilkunde;2013;Allach - Untermenzing;5370;5370;1
Kinderheilkunde;2013;Feldmoching - Hasenbergl;3460.3;10381;3
Kinderheilkunde;2013;Laim;1652.8;6611;4
Kinderheilkunde;2012;Stadt München;1506.9;206449;137
Kinderheilkunde;2012;Altstadt - Lehel;539.8;2159;4
Kinderheilkunde;2012;Ludwigsvorstadt - Isarvorstadt;5267;5267;1
Kinderheilkunde;2012;Maxvorstadt;4443;4443;1
Kinderheilkunde;2012;Schwabing - West;1860.3;7441;4
Kinderheilkunde;2012;Au - Haidhausen;1953.8;7815;4
Kinderheilkunde;2012;Sendling;846.2;5077;6
Kinderheilkunde;2012;Sendling - Westpark;1831.5;7326;4
Kinderheilkunde;2012;SchwanthalerhÃ¶he;2043.5;4087;2
Kinderheilkunde;2012;Neuhausen - Nymphenburg;1141.8;12560;11
Kinderheilkunde;2012;Moosach;1243.5;7461;6
Kinderheilkunde;2012;Milbertshofen - Am Hart;5474.5;10949;2
Kinderheilkunde;2012;Schwabing - Freimann;634.6;8885;14
Kinderheilkunde;2012;Bogenhausen;1467.8;11742;8
Kinderheilkunde;2012;Berg am Laim;2053;6159;3
Kinderheilkunde;2012;Trudering - Riem;3482.8;13931;4
Kinderheilkunde;2012;Ramersdorf - Perlach;1749.7;17497;10
Kinderheilkunde;2012;Obergiesing - Fasangarten;727.8;6550;9
Kinderheilkunde;2012;Untergiesing - Harlaching;1335;6675;5
Kinderheilkunde;2012;Thalkirchen - Obersendling - Forstenried - FÃ¼rstenried - Solln;944.3;12276;13
Kinderheilkunde;2012;Hadern;1472.2;7361;5
Kinderheilkunde;2012;Pasing - Obermenzing;1286.6;11579;9
Kinderheilkunde;2012;Aubing - Lochhausen - Langwied;1786.3;7145;4
Kinderheilkunde;2012;Allach - Untermenzing;5303;5303;1
Kinderheilkunde;2012;Feldmoching - Hasenbergl;3421.3;10264;3
Kinderheilkunde;2012;Laim;1624.3;6497;4
Kinderheilkunde;2011;Stadt München;1511.2;202501;134
Kinderheilkunde;2011;Altstadt - Lehel;522;2088;4
Kinderheilkunde;2011;Ludwigsvorstadt - Isarvorstadt;5107;5107;1
Kinderheilkunde;2011;Maxvorstadt;4249;4249;1
Kinderheilkunde;2011;Schwabing - West;1799.3;7197;4
Kinderheilkunde;2011;Au - Haidhausen;1485.4;7427;5
Kinderheilkunde;2011;Sendling;828;4968;6
Kinderheilkunde;2011;Sendling - Westpark;1810;7240;4
Kinderheilkunde;2011;SchwanthalerhÃ¶he;1995;3990;2
Kinderheilkunde;2011;Neuhausen - Nymphenburg;1212.7;12127;10
Kinderheilkunde;2011;Moosach;1231.8;7391;6
Kinderheilkunde;2011;Milbertshofen - Am Hart;3613;10839;3
Kinderheilkunde;2011;Schwabing - Freimann;668.2;8687;13
Kinderheilkunde;2011;Bogenhausen;1647.9;11535;7
Kinderheilkunde;2011;Berg am Laim;2976;5952;2
Kinderheilkunde;2011;Trudering - Riem;3435.3;13741;4
Kinderheilkunde;2011;Ramersdorf - Perlach;1937.1;17434;9
Kinderheilkunde;2011;Obergiesing - Fasangarten;726.1;6535;9
Kinderheilkunde;2011;Untergiesing - Harlaching;1321.2;6606;5
Kinderheilkunde;2011;Thalkirchen - Obersendling - Forstenried - FÃ¼rstenried - Solln;1007.3;12087;12
Kinderheilkunde;2011;Hadern;1464;7320;5
Kinderheilkunde;2011;Pasing - Obermenzing;1132.5;11325;10
Kinderheilkunde;2011;Aubing - Lochhausen - Langwied;1739.8;6959;4
Kinderheilkunde;2011;Allach - Untermenzing;5129;5129;1
Kinderheilkunde;2011;Feldmoching - Hasenbergl;3374.7;10124;3
Kinderheilkunde;2011;Laim;1611;6444;4
Kinderheilkunde;2010;Stadt München;1479.4;198242;134
Kinderheilkunde;2010;Altstadt - Lehel;504.5;2018;4
Kinderheilkunde;2010;Ludwigsvorstadt - Isarvorstadt;4980;4980;1
Kinderheilkunde;2010;Maxvorstadt;4185;4185;1
Kinderheilkunde;2010;Schwabing - West;1762.5;7050;4
Kinderheilkunde;2010;Au - Haidhausen;1437.4;7187;5
Kinderheilkunde;2010;Sendling;836.7;5020;6
Kinderheilkunde;2010;Sendling - Westpark;1766;7064;4
Kinderheilkunde;2010;SchwanthalerhÃ¶he;1961.5;3923;2
Kinderheilkunde;2010;Neuhausen - Nymphenburg;1153.3;11533;10
Kinderheilkunde;2010;Moosach;1059.1;7414;7
Kinderheilkunde;2010;Milbertshofen - Am Hart;5372.5;10745;2
Kinderheilkunde;2010;Schwabing - Freimann;641.8;8343;13
Kinderheilkunde;2010;Bogenhausen;2276.2;11381;5
Kinderheilkunde;2010;Berg am Laim;2908;5816;2
Kinderheilkunde;2010;Trudering - Riem;3310.8;13243;4
Kinderheilkunde;2010;Ramersdorf - Perlach;1939.1;17452;9
Kinderheilkunde;2010;Obergiesing - Fasangarten;709.7;6387;9
Kinderheilkunde;2010;Untergiesing - Harlaching;1275.6;6378;5
Kinderheilkunde;2010;Thalkirchen - Obersendling - Forstenried - FÃ¼rstenried - Solln;973.8;11685;12
Kinderheilkunde;2010;Hadern;1458;7290;5
Kinderheilkunde;2010;Pasing - Obermenzing;994;10934;11
Kinderheilkunde;2010;Aubing - Lochhausen - Langwied;1687.8;6751;4
Kinderheilkunde;2010;Allach - Untermenzing;5067;5067;1
Kinderheilkunde;2010;Feldmoching - Hasenbergl;3357.7;10073;3
Kinderheilkunde;2010;Laim;1264.6;6323;5
OrthopÃ¤die;2017;Stadt München;7164.6;1526056;213
OrthopÃ¤die;2017;Altstadt - Lehel;615.5;20926;34
OrthopÃ¤die;2017;Ludwigsvorstadt - Isarvorstadt;2717.5;51632;19
OrthopÃ¤die;2017;Maxvorstadt;4275.9;51311;12
OrthopÃ¤die;2017;Schwabing - West;9752.1;68265;7
OrthopÃ¤die;2017;Au - Haidhausen;8705.3;60937;7
OrthopÃ¤die;2017;Sendling;2905.9;40682;14
OrthopÃ¤die;2017;Sendling - Westpark;14846.5;59386;4
OrthopÃ¤die;2017;SchwanthalerhÃ¶he;9845;29535;3
OrthopÃ¤die;2017;Neuhausen - Nymphenburg;3648.9;98520;27
OrthopÃ¤die;2017;Moosach;13415.5;53662;4
OrthopÃ¤die;2017;Milbertshofen - Am Hart;37365.5;74731;2
OrthopÃ¤die;2017;Schwabing - Freimann;4241.2;76341;18
OrthopÃ¤die;2017;Bogenhausen;5731.4;85971;15
OrthopÃ¤die;2017;Berg am Laim;88;45582;0
OrthopÃ¤die;2017;Trudering - Riem;14401.2;72006;5
OrthopÃ¤die;2017;Ramersdorf - Perlach;28619.5;114478;4
OrthopÃ¤die;2017;Obergiesing - Fasangarten;10787.4;53937;5
OrthopÃ¤die;2017;Untergiesing - Harlaching;7514.3;52600;7
OrthopÃ¤die;2017;Thalkirchen - Obersendling - Forstenried - FÃ¼rstenried - Solln;15925.7;95554;6
OrthopÃ¤die;2017;Hadern;9925.2;49626;5
OrthopÃ¤die;2017;Pasing - Obermenzing;12349.7;74098;6
OrthopÃ¤die;2017;Aubing - Lochhausen - Langwied;23192.5;46385;2
OrthopÃ¤die;2017;Allach - Untermenzing;32677;32677;1
OrthopÃ¤die;2017;Feldmoching - Hasenbergl;60933;60933;1
OrthopÃ¤die;2017;Laim;11256.2;56281;5
OrthopÃ¤die;2016;Stadt München;7277.6;1542860;212
OrthopÃ¤die;2016;Altstadt - Lehel;670.4;21454;32
OrthopÃ¤die;2016;Ludwigsvorstadt - Isarvorstadt;2890.3;54915;19
OrthopÃ¤die;2016;Maxvorstadt;4858.5;53443;11
OrthopÃ¤die;2016;Schwabing - West;9915.3;69407;7
OrthopÃ¤die;2016;Au - Haidhausen;8857;61999;7
OrthopÃ¤die;2016;Sendling;3171.5;41230;13
OrthopÃ¤die;2016;Sendling - Westpark;14793.5;59174;4
OrthopÃ¤die;2016;SchwanthalerhÃ¶he;7570.5;30282;4
OrthopÃ¤die;2016;Neuhausen - Nymphenburg;3432.3;99538;29
OrthopÃ¤die;2016;Moosach;13464.8;53859;4
OrthopÃ¤die;2016;Milbertshofen - Am Hart;38127.5;76255;2
OrthopÃ¤die;2016;Schwabing - Freimann;3859.4;77188;20
OrthopÃ¤die;2016;Bogenhausen;6704.9;87164;13
OrthopÃ¤die;2016;Berg am Laim;88;45655;0
OrthopÃ¤die;2016;Trudering - Riem;14289.6;71448;5
OrthopÃ¤die;2016;Ramersdorf - Perlach;22779.6;113898;5
OrthopÃ¤die;2016;Obergiesing - Fasangarten;9130.7;54784;6
OrthopÃ¤die;2016;Untergiesing - Harlaching;10810;54050;5
OrthopÃ¤die;2016;Thalkirchen - Obersendling - Forstenried - FÃ¼rstenried - Solln;13742.9;96200;7
OrthopÃ¤die;2016;Hadern;12641.8;50567;4
OrthopÃ¤die;2016;Pasing - Obermenzing;12405.3;74432;6
OrthopÃ¤die;2016;Aubing - Lochhausen - Langwied;22785.5;45571;2
OrthopÃ¤die;2016;Allach - Untermenzing;32248;32248;1
OrthopÃ¤die;2016;Feldmoching - Hasenbergl;61764;61764;1
OrthopÃ¤die;2016;Laim;11267;56335;5
OrthopÃ¤die;2015;Stadt München;7177.7;1521678;212
OrthopÃ¤die;2015;Altstadt - Lehel;640.1;21122;33
OrthopÃ¤die;2015;Ludwigsvorstadt - Isarvorstadt;2456.8;54049;22
OrthopÃ¤die;2015;Maxvorstadt;4885.7;53743;11
OrthopÃ¤die;2015;Schwabing - West;9789.6;68527;7
OrthopÃ¤die;2015;Au - Haidhausen;8785;61495;7
OrthopÃ¤die;2015;Sendling;2919.9;40879;14
OrthopÃ¤die;2015;Sendling - Westpark;14599.5;58398;4
OrthopÃ¤die;2015;SchwanthalerhÃ¶he;7595.3;30381;4
OrthopÃ¤die;2015;Neuhausen - Nymphenburg;3655.6;98702;27
OrthopÃ¤die;2015;Moosach;13315.3;53261;4
OrthopÃ¤die;2015;Milbertshofen - Am Hart;37744;75488;2
OrthopÃ¤die;2015;Schwabing - Freimann;3410;75020;22
OrthopÃ¤die;2015;Bogenhausen;7162.3;85947;12
OrthopÃ¤die;2015;Berg am Laim;88;45035;0
OrthopÃ¤die;2015;Trudering - Riem;13966;69830;5
OrthopÃ¤die;2015;Ramersdorf - Perlach;22474.2;112371;5
OrthopÃ¤die;2015;Obergiesing - Fasangarten;9067;54402;6
OrthopÃ¤die;2015;Untergiesing - Harlaching;26688.5;53377;2
OrthopÃ¤die;2015;Thalkirchen - Obersendling - Forstenried - FÃ¼rstenried - Solln;15600.3;93602;6
OrthopÃ¤die;2015;Hadern;12564.3;50257;4
OrthopÃ¤die;2015;Pasing - Obermenzing;12220;73320;6
OrthopÃ¤die;2015;Aubing - Lochhausen - Langwied;21841;43682;2
OrthopÃ¤die;2015;Allach - Untermenzing;31882;31882;1
OrthopÃ¤die;2015;Feldmoching - Hasenbergl;61534;61534;1
OrthopÃ¤die;2015;Laim;11074.8;55374;5
OrthopÃ¤die;2014;Stadt München;7343.3;1490681;203
OrthopÃ¤die;2014;Altstadt - Lehel;945.7;20806;22
OrthopÃ¤die;2014;Ludwigsvorstadt - Isarvorstadt;1683.1;52177;31
OrthopÃ¤die;2014;Maxvorstadt;6571.9;52575;8
OrthopÃ¤die;2014;Schwabing - West;9584.9;67094;7
OrthopÃ¤die;2014;Au - Haidhausen;7594.5;60756;8
OrthopÃ¤die;2014;Sendling;40422;40422;1
OrthopÃ¤die;2014;Sendling - Westpark;14121.3;56485;4
OrthopÃ¤die;2014;SchwanthalerhÃ¶he;7520.8;30083;4
OrthopÃ¤die;2014;Neuhausen - Nymphenburg;4063.4;97521;24
OrthopÃ¤die;2014;Moosach;13164.3;52657;4
OrthopÃ¤die;2014;Milbertshofen - Am Hart;18666.8;74667;4
OrthopÃ¤die;2014;Schwabing - Freimann;3590.1;71802;20
OrthopÃ¤die;2014;Bogenhausen;7627.3;83900;11
OrthopÃ¤die;2014;Berg am Laim;88;44022;0
OrthopÃ¤die;2014;Trudering - Riem;13612.6;68063;5
OrthopÃ¤die;2014;Ramersdorf - Perlach;22019.8;110099;5
OrthopÃ¤die;2014;Obergiesing - Fasangarten;8790.5;52743;6
OrthopÃ¤die;2014;Untergiesing - Harlaching;26226;52452;2
OrthopÃ¤die;2014;Thalkirchen - Obersendling - Forstenried - FÃ¼rstenried - Solln;4811.2;91412;19
OrthopÃ¤die;2014;Hadern;9974.8;49874;5
OrthopÃ¤die;2014;Pasing - Obermenzing;11980;71880;6
OrthopÃ¤die;2014;Aubing - Lochhausen - Langwied;21429.5;42859;2
OrthopÃ¤die;2014;Allach - Untermenzing;31353;31353;1
OrthopÃ¤die;2014;Feldmoching - Hasenbergl;88;60262;0
OrthopÃ¤die;2014;Laim;13678.5;54714;4
OrthopÃ¤die;2013;Stadt München;7361.6;1464962;199
OrthopÃ¤die;2013;Altstadt - Lehel;704.2;20422;29
OrthopÃ¤die;2013;Ludwigsvorstadt - Isarvorstadt;2410.5;50620;21
OrthopÃ¤die;2013;Maxvorstadt;4694.7;51642;11
OrthopÃ¤die;2013;Schwabing - West;9413.1;65892;7
OrthopÃ¤die;2013;Au - Haidhausen;6639.1;59752;9
OrthopÃ¤die;2013;Sendling;3329.4;39953;12
OrthopÃ¤die;2013;Sendling - Westpark;13851.3;55405;4
OrthopÃ¤die;2013;SchwanthalerhÃ¶he;7415.8;29663;4
OrthopÃ¤die;2013;Neuhausen - Nymphenburg;3836.2;95906;25
OrthopÃ¤die;2013;Moosach;12884.3;51537;4
OrthopÃ¤die;2013;Milbertshofen - Am Hart;36808.5;73617;2
OrthopÃ¤die;2013;Schwabing - Freimann;3667.2;69676;19
OrthopÃ¤die;2013;Bogenhausen;8213.8;82138;10
OrthopÃ¤die;2013;Berg am Laim;88;43068;0
OrthopÃ¤die;2013;Trudering - Riem;13401.8;67009;5
OrthopÃ¤die;2013;Ramersdorf - Perlach;21648.8;108244;5
OrthopÃ¤die;2013;Obergiesing - Fasangarten;8583.2;51499;6
OrthopÃ¤die;2013;Untergiesing - Harlaching;25968.5;51937;2
OrthopÃ¤die;2013;Thalkirchen - Obersendling - Forstenried - FÃ¼rstenried - Solln;15131.7;90790;6
OrthopÃ¤die;2013;Hadern;12236.3;48945;4
OrthopÃ¤die;2013;Pasing - Obermenzing;11797.2;70783;6
OrthopÃ¤die;2013;Aubing - Lochhausen - Langwied;21152.5;42305;2
OrthopÃ¤die;2013;Allach - Untermenzing;30737;30737;1
OrthopÃ¤die;2013;Feldmoching - Hasenbergl;59391;59391;1
OrthopÃ¤die;2013;Laim;13507.5;54030;4
OrthopÃ¤die;2012;Stadt München;7126.1;1439474;202
OrthopÃ¤die;2012;Altstadt - Lehel;716;20048;28
OrthopÃ¤die;2012;Ludwigsvorstadt - Isarvorstadt;2257.1;49657;22
OrthopÃ¤die;2012;Maxvorstadt;4625.2;50877;11
OrthopÃ¤die;2012;Schwabing - West;9252.9;64770;7
OrthopÃ¤die;2012;Au - Haidhausen;7360.1;58881;8
OrthopÃ¤die;2012;Sendling;3297.3;39567;12
OrthopÃ¤die;2012;Sendling - Westpark;13638;54552;4
OrthopÃ¤die;2012;SchwanthalerhÃ¶he;7350.5;29402;4
OrthopÃ¤die;2012;Neuhausen - Nymphenburg;3770.3;94257;25
OrthopÃ¤die;2012;Moosach;8375.5;50253;6
OrthopÃ¤die;2012;Milbertshofen - Am Hart;36253;72506;2
OrthopÃ¤die;2012;Schwabing - Freimann;3263.3;68530;21
OrthopÃ¤die;2012;Bogenhausen;8979.6;80816;9
OrthopÃ¤die;2012;Berg am Laim;88;42313;0
OrthopÃ¤die;2012;Trudering - Riem;13173.8;65869;5
OrthopÃ¤die;2012;Ramersdorf - Perlach;21432.8;107164;5
OrthopÃ¤die;2012;Obergiesing - Fasangarten;8533.5;51201;6
OrthopÃ¤die;2012;Untergiesing - Harlaching;25590;51180;2
OrthopÃ¤die;2012;Thalkirchen - Obersendling - Forstenried - FÃ¼rstenried - Solln;21817.8;87271;4
OrthopÃ¤die;2012;Hadern;11987.3;47949;4
OrthopÃ¤die;2012;Pasing - Obermenzing;8661.9;69295;8
OrthopÃ¤die;2012;Aubing - Lochhausen - Langwied;20558;41116;2
OrthopÃ¤die;2012;Allach - Untermenzing;30393;30393;1
OrthopÃ¤die;2012;Feldmoching - Hasenbergl;58245;58245;1
OrthopÃ¤die;2012;Laim;10671.8;53359;5
OrthopÃ¤die;2011;Stadt München;7125;1410741;198
OrthopÃ¤die;2011;Altstadt - Lehel;729.9;19707;27
OrthopÃ¤die;2011;Ludwigsvorstadt - Isarvorstadt;2411.6;48231;20
OrthopÃ¤die;2011;Maxvorstadt;4499.8;49498;11
OrthopÃ¤die;2011;Schwabing - West;9092;63644;7
OrthopÃ¤die;2011;Au - Haidhausen;5729.7;57297;10
OrthopÃ¤die;2011;Sendling;3250.2;39002;12
OrthopÃ¤die;2011;Sendling - Westpark;13317.8;53271;4
OrthopÃ¤die;2011;SchwanthalerhÃ¶he;7169.5;28678;4
OrthopÃ¤die;2011;Neuhausen - Nymphenburg;3685.6;92139;25
OrthopÃ¤die;2011;Moosach;12346;49384;4
OrthopÃ¤die;2011;Milbertshofen - Am Hart;35235;70470;2
OrthopÃ¤die;2011;Schwabing - Freimann;3705.9;66706;18
OrthopÃ¤die;2011;Bogenhausen;7197.7;79175;11
OrthopÃ¤die;2011;Berg am Laim;88;41342;0
OrthopÃ¤die;2011;Trudering - Riem;12996.6;64983;5
OrthopÃ¤die;2011;Ramersdorf - Perlach;21180;105900;5
OrthopÃ¤die;2011;Obergiesing - Fasangarten;8442.7;50656;6
OrthopÃ¤die;2011;Untergiesing - Harlaching;25227.5;50455;2
OrthopÃ¤die;2011;Thalkirchen - Obersendling - Forstenried - FÃ¼rstenried - Solln;21367;85468;4
OrthopÃ¤die;2011;Hadern;11864.8;47459;4
OrthopÃ¤die;2011;Pasing - Obermenzing;8484.8;67878;8
OrthopÃ¤die;2011;Aubing - Lochhausen - Langwied;19894.5;39789;2
OrthopÃ¤die;2011;Allach - Untermenzing;29693;29693;1
OrthopÃ¤die;2011;Feldmoching - Hasenbergl;57183;57183;1
OrthopÃ¤die;2011;Laim;10546.6;52733;5
OrthopÃ¤die;2010;Stadt München;6809.2;1382273;203
OrthopÃ¤die;2010;Altstadt - Lehel;640.2;19207;30
OrthopÃ¤die;2010;Ludwigsvorstadt - Isarvorstadt;1821.4;47357;26
OrthopÃ¤die;2010;Maxvorstadt;5430.6;48875;9
OrthopÃ¤die;2010;Schwabing - West;8979.4;62856;7
OrthopÃ¤die;2010;Au - Haidhausen;4693.5;56322;12
OrthopÃ¤die;2010;Sendling;3213.9;38567;12
OrthopÃ¤die;2010;Sendling - Westpark;13123.8;52495;4
OrthopÃ¤die;2010;SchwanthalerhÃ¶he;7001;28004;4
OrthopÃ¤die;2010;Neuhausen - Nymphenburg;4058.5;89286;22
OrthopÃ¤die;2010;Moosach;12105.3;48421;4
OrthopÃ¤die;2010;Milbertshofen - Am Hart;34485;68970;2
OrthopÃ¤die;2010;Schwabing - Freimann;4343.9;65158;15
OrthopÃ¤die;2010;Bogenhausen;7049.3;77542;11
OrthopÃ¤die;2010;Berg am Laim;88;40550;0
OrthopÃ¤die;2010;Trudering - Riem;12551.2;62756;5
OrthopÃ¤die;2010;Ramersdorf - Perlach;17456.2;104737;6
OrthopÃ¤die;2010;Obergiesing - Fasangarten;6128.8;49030;8
OrthopÃ¤die;2010;Untergiesing - Harlaching;24751;49502;2
OrthopÃ¤die;2010;Thalkirchen - Obersendling - Forstenried - FÃ¼rstenried - Solln;20896;83584;4
OrthopÃ¤die;2010;Hadern;11712.8;46851;4
OrthopÃ¤die;2010;Pasing - Obermenzing;11040.7;66244;6
OrthopÃ¤die;2010;Aubing - Lochhausen - Langwied;19431.5;38863;2
OrthopÃ¤die;2010;Allach - Untermenzing;29161;29161;1
OrthopÃ¤die;2010;Feldmoching - Hasenbergl;56130;56130;1
OrthopÃ¤die;2010;Laim;8634.2;51805;6
